symbol,name,active
AAPL,Apple,true
MSFT,Microsoft,true
GOOGL,Google,true
JPM,JPMorgan Chase,true
XOM,Exxon Mobil,true
WLII,Willow Lane Acquisition Corp II - Class A,true
SWBI,Smith & Wesson Brands Inc,true
WT,WisdomTree Inc,true
MU,Micron Technology Inc,true
CHNU,2x Chainlink,true
RPT-P-C,Rithm Property Trust Inc,true
FIGXW,FIGX Capital Acquisition Corp - Warrants (17/06/2030),true
JAZZ,Jazz Pharmaceuticals plc,true
MINM,FiEE Inc,true
GOTU,Gaotu Techedu Inc,true
SCE-P-M,SCE Trust VII,true
WRB-P-F,W.R. Berkley Corp,true
MVST,Microvast Holdings Inc,true
MPACW,Model Performance Acquisition Corp Warrant,true
SSSSL,SuRo Capital Corp,true
NSC,Norfolk Southern Corp,true
ARBGU,Aequi Acquisition Corp - Units (1 Ord Share Class A & 1/3 War),true
TCDA,,true
VHI,Valhi Inc,true
GPI,Group 1 Automotive Inc,true
VRAX,Virax Biolabs Group Ltd - Class A,true
PRGS,Progress Software Corp,true
XBFR,Innovator Equity Managed 10 Buffer,true
SBXE,SilverBox Corp V Class A,true
CRBD,Corebridge Financial Inc,true
TPGXL,TPG Operating Group II L.P.,true
AOMD,Angel Oak Mortgage REIT Inc,true
TDY,Teledyne Technologies Inc,true
LCII,LCI Industries,true
FBP,First Bancorp PR,true
LVLU,Lulus Fashion Lounge Holdings Inc,true
OPFI,OppFi Inc - Class A,true
SOHU,Sohu.com Ltd,true
TS,Tenaris S.A.,true
AUB-P-A,Atlantic Union Bankshares Corp,true
HEMI,Hartford Equity Premium Income,true
ICNC-U,Iconic Sports Acquisition Corp Units,true
IFED,ETRACS IFED Invest with the Fed TR Index ETN,true
ARCKW,Arbor Rapha Capital Bioholdings Corp I - Warrants (31/10/2028),true
RYAM,Rayonier Advanced Materials Inc,true
AQB,AquaBounty Technologies Inc,true
TRTN-P-C,Triton International Ltd,true
JOBY-WS,Joby Aviation Inc Wt,true
SE,Sea Ltd,true
BPYPM,Brookfield Property Preferred LP,true
BACQR,Merlin Inc,true
DXC,DXC Technology Company,true
NE-WS-A,Noble Corporation plc Tranche 2 Warrants,true
SAC-WS,Safeguard Acquisition Corp Warrants each whole warrant exercisable for one Class A ordinary share at an exercise price of 11.50 per share,true
EHI-R,Western Asset Global High Income Fund Inc Rights expiring October 8 2024 Rights,true
APADR,Enhanced Group Inc,true
LBTYA,Liberty Global plc - Class A,true
BRW-R,Saba Capital Income & Opportunities Fund Rights expiring October 28 2025 Rights,true
FRHC,Freedom Holding Corp,true
USLM,United States Lime & Minerals Inc,true
PPHC,Public Policy Holding Company Inc,true
SERA,Sera Prognostics Inc Class A,true
HDRN,Hadron Energy Inc Com,true
OKUR,Reneo Pharmaceuticals Inc - Class A,true
ONMDW,OneMedNet Corp - Warrants (05/05/2026),true
MTAC,MedTech Acquisition Corp - Class A,true
BOH,Bank of Hawaii Corp,true
CRAQ,Cal Redwood Acquisition Corp,true
BEAGR,Bold Eagle Acquisition Corp Right,true
OESX,Orion Energy Systems Inc,true
WMT,Walmart Inc,true
ULTI,REX INCOMEMAX OPTION STRATEGY ETF,true
RICK,RCI Hospitality Holdings Inc,true
AMTD,AMTD IDEA Group,true
MZYX-WS,MOZAYYX Acquisition Corp - Warrants(01/01/9999),true
RLYB,Rallybio Corp,true
AHRT,American Healthcare REIT Inc - Class T,true
EQX,Equinox Gold Corp,true
STXS,Stereotaxis Inc,true
UBFO,United Security Bancshares (CA),true
NRT,North European Oil Royalty Trust,true
DOUG,Douglas Elliman Inc,true
ZVRA,Zevra Therapeutics Inc,true
MTB-P-H,M & T Bank Corp,true
PSMT,Pricesmart Inc,true
CIB,Bancolombia S.A.,true
FEIM,Frequency Electronics Inc,true
CRTO,Criteo S.A,true
KIDZW,Classover Holdings Inc Warrants,true
REYN,Reynolds Consumer Products Inc,true
EYE,National Vision Holdings Inc,true
DVXE,DEVX ENERGY INC,true
USB-P-Q,U.S. Bancorp.,true
PHG,Koninklijke Philips N.V.,true
JGH-R-W,Nuveen Global High Income Fund Rights expiring November 20 2025 Rights when issued,true
ELPW,Elong Power Holding Ltd,true
BCSS-U,Bain Capital GSS Investment Corp - Units (1 Ord Cls A & 1/5 War),true
ITT,ITT Inc,true
GEHC,GE HealthCare Technologies Inc,true
VEM,Virtus Emerging Markets Dividend,true
KMCA,PLUS Korea Manufacturing Core Alliance Index,true
AGTC,Applied Genetic Technologies Corp,true
MKL,Markel Group Inc,true
RXRX,Recursion Pharmaceuticals Inc - Class A,true
CWCO,Consolidated Water Co. Ltd,true
SPY,SPDR S&P 500 ETF Trust,true
QQQ,Invesco QQQ Trust,true
NVDA,NVIDIA CORP,true
AMZN,AMAZON.COM INC,true
AVGO,BROADCOM INC,true
GOOG,ALPHABET INC CL C,true
META,META PLATFORMS INC CLASS A,true
TSLA,TESLA INC,true
LLY,ELI LILLY + CO,true
BRK-B,BERKSHIRE HATHAWAY INC CL B,true
AMD,ADVANCED MICRO DEVICES,true
JNJ,JOHNSON + JOHNSON,true
V,VISA INC CLASS A SHARES,true
INTC,INTEL CORP,true
CSCO,CISCO SYSTEMS INC,true
CAT,CATERPILLAR INC,true
COST,COSTCO WHOLESALE CORP,true
LRCX,LAM RESEARCH CORP,true
ORCL,ORACLE CORP,true
AMAT,APPLIED MATERIALS INC,true
ABBV,ABBVIE INC,true
MA,MASTERCARD INC   A,true
UNH,UNITEDHEALTH GROUP INC,true
BAC,BANK OF AMERICA CORP,true
CVX,CHEVRON CORP,true
NFLX,NETFLIX INC,true
GE,GENERAL ELECTRIC,true
GS,GOLDMAN SACHS GROUP INC,true
PG,PROCTER + GAMBLE CO/THE,true
PLTR,PALANTIR TECHNOLOGIES INC A,true
HD,HOME DEPOT INC,true
MRK,MERCK + CO. INC.,true
KO,COCA COLA CO/THE,true
IBM,INTL BUSINESS MACHINES CORP,true
KLAC,KLA CORP,true
TXN,TEXAS INSTRUMENTS INC,true
PM,PHILIP MORRIS INTERNATIONAL,true
MS,MORGAN STANLEY,true
GEV,GE VERNOVA INC,true
SNDK,SANDISK CORP,true
QCOM,QUALCOMM INC,true
WFC,WELLS FARGO + CO,true
RTX,RTX CORP,true
LIN,LINDE PLC,true
C,CITIGROUP INC,true
PANW,PALO ALTO NETWORKS INC,true
ADI,ANALOG DEVICES INC,true
MCD,MCDONALD S CORP,true
PEP,PEPSICO INC,true
STX,SEAGATE TECHNOLOGY HOLDINGS,true
VZ,VERIZON COMMUNICATIONS INC,true
AMGN,AMGEN INC,true
WDC,WESTERN DIGITAL CORP,true
TMO,THERMO FISHER SCIENTIFIC INC,true
CRWD,CROWDSTRIKE HOLDINGS INC   A,true
APH,AMPHENOL CORP CL A,true
NEE,NEXTERA ENERGY INC,true
DIS,WALT DISNEY CO/THE,true
CRM,SALESFORCE INC,true
TJX,TJX COMPANIES INC,true
ANET,ARISTA NETWORKS INC,true
BA,BOEING CO/THE,true
AXP,AMERICAN EXPRESS CO,true
GILD,GILEAD SCIENCES INC,true
ETN,EATON CORP PLC,true
ABT,ABBOTT LABORATORIES,true
T,AT+T INC,true
UNP,UNION PACIFIC CORP,true
GLW,CORNING INC,true
APP,APPLOVIN CORP CLASS A,true
DE,DEERE + CO,true
ISRG,INTUITIVE SURGICAL INC,true
UBER,UBER TECHNOLOGIES INC,true
BLK,BLACKROCK INC,true
SCHW,SCHWAB (CHARLES) CORP,true
COP,CONOCOPHILLIPS,true
PFE,PFIZER INC,true
HON,HONEYWELL INTERNATIONAL INC,true
WELL,WELLTOWER INC,true
PLD,PROLOGIS INC,true
BKNG,BOOKING HOLDINGS INC,true
SPGI,S+P GLOBAL INC,true
NOW,SERVICENOW INC,true
VRT,VERTIV HOLDINGS CO A,true
MO,ALTRIA GROUP INC,true
DELL,DELL TECHNOLOGIES  C,true
NEM,NEWMONT CORP,true
CVS,CVS HEALTH CORP,true
BMY,BRISTOL MYERS SQUIBB CO,true
DHR,DANAHER CORP,true
LOW,LOWE S COS INC,true
COF,CAPITAL ONE FINANCIAL CORP,true
CDNS,CADENCE DESIGN SYS INC,true
CB,CHUBB LTD,true
PGR,PROGRESSIVE CORP,true
VRTX,VERTEX PHARMACEUTICALS INC,true
PH,PARKER HANNIFIN CORP,true
ACN,ACCENTURE PLC CL A,true
SBUX,STARBUCKS CORP,true
MDT,MEDTRONIC PLC,true
LMT,LOCKHEED MARTIN CORP,true
PWR,QUANTA SERVICES INC,true
ADBE,ADOBE INC,true
SYK,STRYKER CORP,true
EQIX,EQUINIX INC,true
TT,TRANE TECHNOLOGIES PLC,true
FCX,FREEPORT MCMORAN INC,true
SO,SOUTHERN CO/THE,true
HWM,HOWMET AEROSPACE INC,true
BNY,BANK OF NEW YORK MELLON CORP,true
FTNT,FORTINET INC,true
DUK,DUKE ENERGY CORP,true
ADP,AUTOMATIC DATA PROCESSING,true
CME,CME GROUP INC,true
CMI,CUMMINS INC,true
AMT,AMERICAN TOWER CORP,true
MCK,MCKESSON CORP,true
SNPS,SYNOPSYS INC,true
WMB,WILLIAMS COS INC,true
ELV,ELEVANCE HEALTH INC,true
JCI,JOHNSON CONTROLS INTERNATION,true
GD,GENERAL DYNAMICS CORP,true
USB,US BANCORP,true
PNC,PNC FINANCIAL SERVICES GROUP,true
CSX,CSX CORP,true
BX,BLACKSTONE INC,true
CMCSA,COMCAST CORP CLASS A,true
INTU,INTUIT INC,true
SLB,SLB LTD,true
MMM,3M CO,true
MAR,MARRIOTT INTERNATIONAL  CL A,true
TMUS,T MOBILE US INC,true
CEG,CONSTELLATION ENERGY,true
WM,WASTE MANAGEMENT INC,true
VLO,VALERO ENERGY CORP,true
UPS,UNITED PARCEL SERVICE CL B,true
MPC,MARATHON PETROLEUM CORP,true
MPWR,MONOLITHIC POWER SYSTEMS INC,true
NXPI,NXP SEMICONDUCTORS NV,true
ICE,INTERCONTINENTAL EXCHANGE IN,true
COHR,COHERENT CORP,true
MRSH,MARSH + MCLENNAN COS,true
EOG,EOG RESOURCES INC,true
DDOG,DATADOG INC   CLASS A,true
EMR,EMERSON ELECTRIC CO,true
MDLZ,MONDELEZ INTERNATIONAL INC A,true
HLT,HILTON WORLDWIDE HOLDINGS IN,true
PSX,PHILLIPS 66,true
ORLY,O REILLY AUTOMOTIVE INC,true
GM,GENERAL MOTORS CO,true
NOC,NORTHROP GRUMMAN CORP,true
CI,THE CIGNA GROUP,true
RCL,ROYAL CARIBBEAN CRUISES LTD,true
ROST,ROSS STORES INC,true
BSX,BOSTON SCIENTIFIC CORP,true
CIEN,CIENA CORP,true
AON,AON PLC CLASS A,true
HPE,HEWLETT PACKARD ENTERPRISE,true
TDG,TRANSDIGM GROUP INC,true
MSI,MOTOROLA SOLUTIONS INC,true
CRH,CRH PLC,true
URI,UNITED RENTALS INC,true
FDX,FEDEX CORP,true
CL,COLGATE PALMOLIVE CO,true
SHW,SHERWIN WILLIAMS CO/THE,true
MCO,MOODY S CORP,true
HOOD,ROBINHOOD MARKETS INC   A,true
BKR,BAKER HUGHES CO,true
AEP,AMERICAN ELECTRIC POWER,true
ITW,ILLINOIS TOOL WORKS,true
WBD,WARNER BROS DISCOVERY INC,true
LITE,LUMENTUM HOLDINGS INC,true
FIX,COMFORT SYSTEMS USA INC,true
TEL,TE CONNECTIVITY PLC,true
ECL,ECOLAB INC,true
KKR,KKR + CO INC,true
APD,AIR PRODUCTS + CHEMICALS INC,true
TRV,TRAVELERS COS INC/THE,true
TER,TERADYNE INC,true
FLEX,FLEX LTD,true
KMI,KINDER MORGAN INC,true
SPG,SIMON PROPERTY GROUP INC,true
PCAR,PACCAR INC,true
REGN,REGENERON PHARMACEUTICALS,true
TFC,TRUIST FINANCIAL CORP,true
F,FORD MOTOR CO,true
MNST,MONSTER BEVERAGE CORP,true
CTAS,CINTAS CORP,true
LHX,L3HARRIS TECHNOLOGIES INC,true
NUE,NUCOR CORP,true
DASH,DOORDASH INC   A,true
GWW,WW GRAINGER INC,true
DLR,DIGITAL REALTY TRUST INC,true
SRE,SEMPRA,true
ABNB,AIRBNB INC CLASS A,true
APO,APOLLO GLOBAL MANAGEMENT INC,true
HCA,HCA HEALTHCARE INC,true
TGT,TARGET CORP,true
TRGP,TARGA RESOURCES CORP,true
KEYS,KEYSIGHT TECHNOLOGIES IN,true
ALL,ALLSTATE CORP,true
D,DOMINION ENERGY INC,true
FAST,FASTENAL CO,true
DVN,DEVON ENERGY CORP,true
CARR,CARRIER GLOBAL CORP,true
AME,AMETEK INC,true
OKE,ONEOK INC,true
AJG,ARTHUR J GALLAGHER + CO,true
AFL,AFLAC INC,true
COR,CENCORA INC,true
NKE,NIKE INC  CL B,true
MCHP,MICROCHIP TECHNOLOGY INC,true
EBAY,EBAY INC,true
DAL,DELTA AIR LINES INC,true
CTVA,CORTEVA INC,true
ADSK,AUTODESK INC,true
AZO,AUTOZONE INC,true
O,REALTY INCOME CORP,true
ROK,ROCKWELL AUTOMATION INC,true
FITB,FIFTH THIRD BANCORP,true
PSA,PUBLIC STORAGE,true
EW,EDWARDS LIFESCIENCES CORP,true
VST,VISTRA CORP,true
ON,ON SEMICONDUCTOR,true
MET,METLIFE INC,true
STT,STATE STREET CORP,true
CAH,CARDINAL HEALTH INC,true
CVNA,CARVANA CO,true
ETR,ENTERGY CORP,true
ODFL,OLD DOMINION FREIGHT LINE,true
EA,ELECTRONIC ARTS INC,true
EXC,EXELON CORP,true
XEL,XCEL ENERGY INC,true
IDXX,IDEXX LABORATORIES INC,true
BDX,BECTON DICKINSON AND CO,true
AMP,AMERIPRISE FINANCIAL INC,true
HUM,HUMANA INC,true
MSCI,MSCI INC,true
WAB,WABTEC CORP,true
YUM,YUM  BRANDS INC,true
RSG,REPUBLIC SERVICES INC,true
CCI,CROWN CASTLE INC,true
A,AGILENT TECHNOLOGIES INC,true
KDP,KEURIG DR PEPPER INC,true
PYPL,PAYPAL HOLDINGS INC,true
EME,EMCOR GROUP INC,true
PEG,PUBLIC SERVICE ENTERPRISE GP,true
OXY,OCCIDENTAL PETROLEUM CORP,true
JBL,JABIL INC,true
XYZ,BLOCK INC,true
ADM,ARCHER DANIELS MIDLAND CO,true
IRM,IRON MOUNTAIN INC,true
AIG,AMERICAN INTERNATIONAL GROUP,true
PRU,PRUDENTIAL FINANCIAL INC,true
IBKR,INTERACTIVE BROKERS GRO CL A,true
NTAP,NETAPP INC,true
DHI,DR HORTON INC,true
CBRE,CBRE GROUP INC   A,true
WAT,WATERS CORP,true
VTR,VENTAS INC,true
NDAQ,NASDAQ INC,true
VMC,VULCAN MATERIALS CO,true
KR,KROGER CO,true
AXON,AXON ENTERPRISE INC,true
COIN,COINBASE GLOBAL INC  CLASS A,true
HAL,HALLIBURTON CO,true
GRMN,GARMIN LTD,true
ED,CONSOLIDATED EDISON INC,true
MLM,MARTIN MARIETTA MATERIALS,true
TWLO,TWILIO INC   A,true
FANG,DIAMONDBACK ENERGY INC,true
PCG,P G + E CORP,true
WEC,WEC ENERGY GROUP INC,true
HIG,HARTFORD INSURANCE GROUP INC,true
TTWO,TAKE TWO INTERACTIVE SOFTWRE,true
ROP,ROPER TECHNOLOGIES INC,true
STLD,STEEL DYNAMICS INC,true
CMG,CHIPOTLE MEXICAN GRILL INC,true
FSLR,FIRST SOLAR INC,true
SYY,SYSCO CORP,true
Q,QNITY ELECTRONICS INC,true
ACGL,ARCH CAPITAL GROUP LTD,true
MTB,M + T BANK CORP,true
KVUE,KENVUE INC,true
UAL,UNITED AIRLINES HOLDINGS INC,true
ZTS,ZOETIS INC,true
PAYX,PAYCHEX INC,true
KMB,KIMBERLY CLARK CORP,true
HBAN,HUNTINGTON BANCSHARES INC,true
WDAY,WORKDAY INC CLASS A,true
CBOE,CBOE GLOBAL MARKETS INC,true
IQV,IQVIA HOLDINGS INC,true
EQT,EQT CORP,true
NTRS,NORTHERN TRUST CORP,true
DOV,DOVER CORP,true
FISV,FISERV INC,true
STRL,STERLING INFRASTRUCTURE INC,true
CNC,CENTENE CORP,true
EXR,EXTRA SPACE STORAGE INC,true
DTE,DTE ENERGY COMPANY,true
BIIB,BIOGEN INC,true
FTI,TECHNIPFMC PLC,true
FICO,FAIR ISAAC CORP,true
RMD,RESMED INC,true
CW,CURTISS WRIGHT CORP,true
CCL,CARNIVAL CORP LTD,true
NVT,NVENT ELECTRIC PLC,true
DXCM,DEXCOM INC,true
RJF,RAYMOND JAMES FINANCIAL INC,true
VICI,VICI PROPERTIES INC,true
CNP,CENTERPOINT ENERGY INC,true
HSY,HERSHEY CO/THE,true
EIX,EDISON INTERNATIONAL,true
AEE,AMEREN CORPORATION,true
CTSH,COGNIZANT TECH SOLUTIONS A,true
CPRT,COPART INC,true
WSM,WILLIAMS SONOMA INC,true
ILMN,ILLUMINA INC,true
PPL,PPL CORP,true
XYL,XYLEM INC,true
HUBB,HUBBELL INC,true
CPAY,CORPAY INC,true
VEEV,VEEVA SYSTEMS INC CLASS A,true
PPG,PPG INDUSTRIES INC,true
TPR,TAPESTRY INC,true
ARES,ARES MANAGEMENT CORP   A,true
AVB,AVALONBAY COMMUNITIES INC,true
CASY,CASEY S GENERAL STORES INC,true
VRSK,VERISK ANALYTICS INC,true
XPO,XPO INC,true
NRG,NRG ENERGY INC,true
SYF,SYNCHRONY FINANCIAL,true
FFIV,F5 INC,true
OTIS,OTIS WORLDWIDE CORP,true
ATO,ATMOS ENERGY CORP,true
OMC,OMNICOM GROUP,true
EXPE,EXPEDIA GROUP INC,true
CFG,CITIZENS FINANCIAL GROUP,true
UTHR,UNITED THERAPEUTICS CORP,true
DOW,DOW INC,true
CINF,CINCINNATI FINANCIAL CORP,true
CRS,CARPENTER TECHNOLOGY,true
FN,FABRINET,true
IR,INGERSOLL RAND INC,true
MTD,METTLER TOLEDO INTERNATIONAL,true
TROW,T ROWE PRICE GROUP INC,true
AKAM,AKAMAI TECHNOLOGIES INC,true
ES,EVERSOURCE ENERGY,true
AWK,AMERICAN WATER WORKS CO INC,true
ATI,ATI INC,true
WTW,WILLIS TOWERS WATSON PLC,true
FE,FIRSTENERGY CORP,true
WST,WEST PHARMACEUTICAL SERVICES,true
RF,REGIONS FINANCIAL CORP,true
LYV,LIVE NATION ENTERTAINMENT IN,true
EQR,EQUITY RESIDENTIAL,true
DRI,DARDEN RESTAURANTS INC,true
P,EVERPURE INC A,true
HPQ,HP INC,true
CHD,CHURCH + DWIGHT CO INC,true
PFG,PRINCIPAL FINANCIAL GROUP,true
DG,DOLLAR GENERAL CORP,true
RS,RELIANCE INC,true
SBAC,SBA COMMUNICATIONS CORP,true
VRSN,VERISIGN INC,true
TPL,TEXAS PACIFIC LAND CORP,true
LH,LABCORP HOLDINGS INC,true
DGX,QUEST DIAGNOSTICS INC,true
FIS,FIDELITY NATIONAL INFO SERV,true
SMCI,SUPER MICRO COMPUTER INC,true
MTZ,MASTEC INC,true
PHM,PULTEGROUP INC,true
CHRW,C.H. ROBINSON WORLDWIDE INC,true
SNX,TD SYNNEX CORP,true
PKG,PACKAGING CORP OF AMERICA,true
WWD,WOODWARD INC,true
STE,STERIS PLC,true
WRB,WR BERKLEY CORP,true
ENTG,ENTEGRIS INC,true
FTV,FORTIVE CORP,true
KEY,KEYCORP,true
SW,SMURFIT WESTROCK PLC,true
BURL,BURLINGTON STORES INC,true
EFX,EQUIFAX INC,true
SNA,SNAP ON INC,true
LSCC,LATTICE SEMICONDUCTOR CORP,true
DD,DUPONT DE NEMOURS INC,true
CMS,CMS ENERGY CORP,true
LEN,LENNAR CORP W/D,true
OKTA,OKTA INC,true
ALB,ALBEMARLE CORP,true
RMBS,RAMBUS INC,true
MTSI,MACOM TECHNOLOGY SOLUTIONS H,true
LUV,SOUTHWEST AIRLINES CO,true
RBA,RB GLOBAL INC,true
L,LOEWS CORP,true
BG,BUNGE GLOBAL SA,true
ULTA,ULTA BEAUTY INC,true
DLTR,DOLLAR TREE INC,true
EXPD,EXPEDITORS INTL WASH INC,true
TTMI,TTM TECHNOLOGIES,true
VTRS,VIATRIS INC,true
EL,ESTEE LAUDER COMPANIES CL A,true
VLTO,VERALTO CORP,true
NXT,NEXTPOWER INC CL A,true
EVRG,EVERGY INC,true
CDW,CDW CORP/DE,true
SANM,SANMINA CORP,true
INCY,INCYTE CORP,true
EXE,EXPAND ENERGY CORP,true
BWA,BORGWARNER INC,true
NI,NISOURCE INC,true
JBHT,HUNT (JB) TRANSPRT SVCS INC,true
IFF,INTL FLAVORS + FRAGRANCES,true
MKSI,MKS INC,true
WY,WEYERHAEUSER CO,true
BR,BROADRIDGE FINANCIAL SOLUTIO,true
LNT,ALLIANT ENERGY CORP,true
ESS,ESSEX PROPERTY TRUST INC,true
KHC,KRAFT HEINZ CO/THE,true
ZBH,ZIMMER BIOMET HOLDINGS INC,true
EWBC,EAST WEST BANCORP INC,true
STZ,CONSTELLATION BRANDS INC A,true
IP,INTERNATIONAL PAPER CO,true
BWXT,BWX TECHNOLOGIES INC,true
GPN,GLOBAL PAYMENTS INC,true
AMCR,AMCOR PLC,true
RGLD,ROYAL GOLD INC,true
RBC,RBC BEARINGS INC,true
USFD,US FOODS HOLDING CORP,true
GNRC,GENERAC HOLDINGS INC,true
LII,LENNOX INTERNATIONAL INC,true
HST,HOST HOTELS + RESORTS INC,true
MRNA,MODERNA INC,true
CF,CF INDUSTRIES HOLDINGS INC,true
TLN,TALEN ENERGY CORP,true
LYB,LYONDELLBASELL INDU CL A,true
INVH,INVITATION HOMES INC,true
GIS,GENERAL MILLS INC,true
LDOS,LEIDOS HOLDINGS INC,true
TSN,TYSON FOODS INC CL A,true
WCC,WESCO INTERNATIONAL INC,true
PTC,PTC INC,true
BRO,BROWN + BROWN INC,true
IEX,IDEX CORP,true
FDXF,FEDEX FREIGHT HOLDING CO,true
EXEL,EXELIXIS INC,true
DECK,DECKERS OUTDOOR CORP,true
J,JACOBS SOLUTIONS INC,true
KIM,KIMCO REALTY CORP,true
NBIX,NEUROCRINE BIOSCIENCES INC,true
TSCO,TRACTOR SUPPLY COMPANY,true
MAA,MID AMERICA APARTMENT COMM,true
WPC,WP CAREY INC,true
LECO,LINCOLN ELECTRIC HOLDINGS,true
DKS,DICK S SPORTING GOODS INC,true
APTV,APTIV PLC,true
MAS,MASCO CORP,true
GEN,GEN DIGITAL INC,true
DY,DYCOM INDUSTRIES INC,true
APG,API GROUP CORP,true
UNM,UNUM GROUP,true
NVR,NVR INC,true
OVV,OVINTIV INC,true
MLI,MUELLER INDUSTRIES INC,true
NDSN,NORDSON CORP,true
RL,RALPH LAUREN CORP,true
JLL,JONES LANG LASALLE INC,true
RRX,REGAL REXNORD CORP,true
PNFP,PINNACLE FINANCIAL PARTNERS,true
PR,PERMIAN RESOURCES CORP CL A,true
PFGC,PERFORMANCE FOOD GROUP CO,true
NTNX,NUTANIX INC   A,true
LULU,LULULEMON ATHLETICA INC,true
BBY,BEST BUY CO INC,true
AA,ALCOA CORP,true
RNR,RENAISSANCERE HOLDINGS LTD,true
TRMB,TRIMBLE INC,true
CLH,CLEAN HARBORS INC,true
ARMK,ARAMARK,true
LVS,LAS VEGAS SANDS CORP,true
TXT,TEXTRON INC,true
CSGP,COSTAR GROUP INC,true
GPC,GENUINE PARTS CO,true
RPM,RPM INTERNATIONAL INC,true
DTM,DT MIDSTREAM INC,true
EG,EVEREST GROUP LTD,true
KNX,KNIGHT SWIFT TRANSPORTATION,true
TRU,TRANSUNION,true
APA,APA CORP,true
LAMR,LAMAR ADVERTISING CO A,true
BALL,BALL CORP,true
WBS,WEBSTER FINANCIAL CORP,true
GL,GLOBE LIFE INC,true
SWKS,SKYWORKS SOLUTIONS INC,true
SGI,SOMNIGROUP INTERNATIONAL INC,true
ROL,ROLLINS INC,true
BLD,TOPBUILD CORP,true
DOC,HEALTHPEAK PROPERTIES INC,true
AIZ,ASSURANT INC,true
SAIA,SAIA INC,true
RVTY,REVVITY INC,true
RGA,REINSURANCE GROUP OF AMERICA,true
SOLS,SOLSTICE ADV MATERIALS INC,true
ZBRA,ZEBRA TECHNOLOGIES CORP CL A,true
IT,GARTNER INC,true
THC,TENET HEALTHCARE CORP,true
REG,REGENCY CENTERS CORP,true
EVR,EVERCORE INC   A,true
AIT,APPLIED INDUSTRIAL TECH INC,true
LFUS,LITTELFUSE INC,true
TYL,TYLER TECHNOLOGIES INC,true
EQH,EQUITABLE HOLDINGS INC,true
FOXA,FOX CORP   CLASS A,true
GWRE,GUIDEWIRE SOFTWARE INC,true
HII,HUNTINGTON INGALLS INDUSTRIE,true
ONTO,ONTO INNOVATION INC,true
GGG,GRACO INC,true
AVY,AVERY DENNISON CORP,true
SWK,STANLEY BLACK + DECKER INC,true
ARW,ARROW ELECTRONICS INC,true
GDDY,GODADDY INC   CLASS A,true
VIAV,VIAVI SOLUTIONS INC,true
GLPI,GAMING AND LEISURE PROPERTIE,true
PNR,PENTAIR PLC,true
CSL,CARLISLE COS INC,true
ELAN,ELANCO ANIMAL HEALTH INC,true
ALGN,ALIGN TECHNOLOGY INC,true
TOL,TOLL BROTHERS INC,true
FHN,FIRST HORIZON CORP,true
COO,COOPER COS INC/THE,true
FNF,FIDELITY NATIONAL FINANCIAL,true
KTOS,KRATOS DEFENSE + SECURITY,true
WSO,WATSCO INC,true
ALLE,ALLEGION PLC,true
AEIS,ADVANCED ENERGY INDUSTRIES,true
R,RYDER SYSTEM INC,true
PNW,PINNACLE WEST CAPITAL,true
SATS,ECHOSTAR CORP A,true
MKC,MCCORMICK + CO NON VTG SHRS,true
UDR,UDR INC,true
PEN,PENUMBRA INC,true
SOLV,SOLVENTUM CORP,true
BJ,BJ S WHOLESALE CLUB HOLDINGS,true
ALLY,ALLY FINANCIAL INC,true
CPT,CAMDEN PROPERTY TRUST,true
MOH,MOLINA HEALTHCARE INC,true
CGNX,COGNEX CORP,true
SMTC,SEMTECH CORP,true
PINS,PINTEREST INC  CLASS A,true
CCK,CROWN HOLDINGS INC,true
SF,STIFEL FINANCIAL CORP,true
NYT,NEW YORK TIMES CO A,true
CACI,CACI INTERNATIONAL INC  CL A,true
HAS,HASBRO INC,true
AMG,AFFILIATED MANAGERS GROUP,true
IVZ,INVESCO LTD,true
DINO,HF SINCLAIR CORP,true
CHTR,CHARTER COMMUNICATIONS INC A,true
CLX,CLOROX COMPANY,true
ELS,EQUITY LIFESTYLE PROPERTIES,true
MOG-A,MOOG INC CLASS A,true
HL,HECLA MINING CO,true
MEDP,MEDPACE HOLDINGS INC,true
FIVE,FIVE BELOW,true
SPXC,SPX TECHNOLOGIES INC,true
BMRN,BIOMARIN PHARMACEUTICAL INC,true
OC,OWENS CORNING,true
SJM,JM SMUCKER CO/THE,true
RRC,RANGE RESOURCES CORP,true
DT,DYNATRACE INC,true
TXRH,TEXAS ROADHOUSE INC,true
AR,ANTERO RESOURCES CORP,true
DCI,DONALDSON CO INC,true
NWSA,NEWS CORP   CLASS A,true
AMH,AMERICAN HOMES 4 RENT  A,true
SITM,SITIME CORP,true
PODD,INSULET CORP,true
OHI,OMEGA HEALTHCARE INVESTORS,true
NLY,ANNALY CAPITAL MANAGEMENT IN,true
DOCU,DOCUSIGN INC,true
ROIV,ROIVANT SCIENCES LTD,true
SCI,SERVICE CORP INTERNATIONAL,true
ENS,ENERSYS,true
CRUS,CIRRUS LOGIC INC,true
WYNN,WYNN RESORTS LTD,true
EHC,ENCOMPASS HEALTH CORP,true
FLS,FLOWSERVE CORP,true
ALV,AUTOLIV INC,true
POWL,POWELL INDUSTRIES INC,true
ACM,AECOM,true
TKO,TKO GROUP HOLDINGS INC,true
ZION,ZIONS BANCORP NA,true
JKHY,JACK HENRY + ASSOCIATES INC,true
QRVO,QORVO INC,true
GME,GAMESTOP CORP CLASS A,true
AES,AES CORP,true
DAR,DARLING INGREDIENTS INC,true
BAX,BAXTER INTERNATIONAL INC,true
LUMN,LUMEN TECHNOLOGIES INC,true
FORM,FORMFACTOR INC,true
FDS,FACTSET RESEARCH SYSTEMS INC,true
OGE,OGE ENERGY CORP,true
AYI,ACUITY INC,true
MTCH,MATCH GROUP INC,true
TTC,TORO CO,true
CG,CARLYLE GROUP INC/THE,true
AGX,ARGAN INC,true
MANH,MANHATTAN ASSOCIATES INC,true
DOCN,DIGITALOCEAN HOLDINGS INC,true
FCFS,FIRSTCASH HOLDINGS INC,true
TTD,TRADE DESK INC/THE  CLASS A,true
JEF,JEFFERIES FINANCIAL GROUP IN,true
ESI,ELEMENT SOLUTIONS INC,true
HALO,HALOZYME THERAPEUTICS INC,true
SSB,SOUTHSTATE BANK CORP,true
CRL,CHARLES RIVER LABORATORIES,true
CMC,COMMERCIAL METALS CO,true
ENPH,ENPHASE ENERGY INC,true
CR,CRANE CO,true
BLDR,BUILDERS FIRSTSOURCE INC,true
BRX,BRIXMOR PROPERTY GROUP INC,true
WTS,WATTS WATER TECHNOLOGIES A,true
MUSA,MURPHY USA INC,true
CUBE,CUBESMART,true
TKR,TIMKEN CO,true
VOYA,VOYA FINANCIAL INC,true
BEN,FRANKLIN RESOURCES INC,true
OSK,OSHKOSH CORP,true
AFG,AMERICAN FINANCIAL GROUP INC,true
MIDD,MIDDLEBY CORP,true
BXP,BXP INC,true
FRT,FEDERAL REALTY INVS TRUST,true
SEIC,SEI INVESTMENTS COMPANY,true
PRI,PRIMERICA INC,true
FOX,FOX CORP   CLASS B,true
GMED,GLOBUS MEDICAL INC   A,true
ENSG,ENSIGN GROUP INC/THE,true
H,HYATT HOTELS CORP   CL A,true
VMI,VALMONT INDUSTRIES,true
CHRD,CHORD ENERGY CORP,true
EMN,EASTMAN CHEMICAL CO,true
WMS,ADVANCED DRAINAGE SYSTEMS IN,true
WTFC,WINTRUST FINANCIAL CORP,true
FLR,FLUOR CORP,true
CNH,CNH INDUSTRIAL NV,true
SN,SHARKNINJA INC,true
AVT,AVNET INC,true
PLXS,PLEXUS CORP,true
VSH,VISHAY INTERTECHNOLOGY INC,true
WTRG,ESSENTIAL UTILITIES INC,true
NOV,NOV INC,true
COLB,COLUMBIA BANKING SYSTEM INC,true
TECH,BIO TECHNE CORP,true
LAD,LITHIA MOTORS INC,true
AAON,AAON INC,true
DPZ,DOMINO S PIZZA INC,true
EGP,EASTGROUP PROPERTIES INC,true
AAL,AMERICAN AIRLINES GROUP INC,true
MASI,MASIMO CORP,true
ARE,ALEXANDRIA REAL ESTATE EQUIT,true
SM,SM ENERGY CO,true
NCLH,NORWEGIAN CRUISE LINE HOLDIN,true
FR,FIRST INDUSTRIAL REALTY TR,true
LSTR,LANDSTAR SYSTEM INC,true
BAH,BOOZ ALLEN HAMILTON HOLDINGS,true
LEA,LEAR CORP,true
CFR,CULLEN/FROST BANKERS INC,true
CYTK,CYTOKINETICS INC,true
ETSY,ETSY INC,true
AHR,AMERICAN HEALTHCARE REIT INC,true
ESE,ESCO TECHNOLOGIES INC,true
KEX,KIRBY CORP,true
ST,SENSATA TECHNOLOGIES HOLDING,true
SSD,SIMPSON MANUFACTURING CO INC,true
CROX,CROCS INC,true
IDCC,INTERDIGITAL INC,true
UHS,UNIVERSAL HEALTH SERVICES B,true
KRYS,KRYSTAL BIOTECH INC,true
WAL,WESTERN ALLIANCE BANCORP,true
AMKR,AMKOR TECHNOLOGY INC,true
ECG,EVERUS CONSTRUCTION GROUP,true
NNN,NNN REIT INC,true
MOS,MOSAIC CO/THE,true
TTEK,TETRA TECH INC,true
KMX,CARMAX INC,true
GTLS,CHART INDUSTRIES INC,true
MGM,MGM RESORTS INTERNATIONAL,true
JHG,JANUS HENDERSON GROUP PLC,true
HXL,HEXCEL CORP,true
ARWR,ARROWHEAD PHARMACEUTICALS IN,true
TMHC,TAYLOR MORRISON HOME CORP,true
CORT,CORCEPT THERAPEUTICS INC,true
WFRD,WEATHERFORD INTERNATIONAL PL,true
BTSG,BRIGHTSPRING HEALTH SERVICES,true
EXP,EAGLE MATERIALS INC,true
HLI,HOULIHAN LOKEY INC,true
COKE,COCA COLA CONSOLIDATED INC,true
ADC,AGREE REALTY CORP,true
SFM,SPROUTS FARMERS MARKET INC,true
AGCO,AGCO CORP,true
ULS,UL SOLUTIONS INC   CLASS A,true
ORI,OLD REPUBLIC INTL CORP,true
MYRG,MYR GROUP INC/DELAWARE,true
TAP,MOLSON COORS BEVERAGE CO   B,true
ALKS,ALKERMES PLC,true
CLF,CLEVELAND CLIFFS INC,true
REXR,REXFORD INDUSTRIAL REALTY IN,true
GVA,GRANITE CONSTRUCTION INC,true
UGI,UGI CORP,true
ATR,APTARGROUP INC,true
POOL,POOL CORP,true
RAL,RALLIANT CORP,true
AXTA,AXALTA COATING SYSTEMS LTD,true
CBSH,COMMERCE BANCSHARES INC,true
FAF,FIRST AMERICAN FINANCIAL,true
M,MACY S INC,true
IDA,IDACORP INC,true
ONB,OLD NATIONAL BANCORP,true
LKQ,LKQ CORP,true
RHP,RYMAN HOSPITALITY PROPERTIES,true
SLAB,SILICON LABORATORIES INC,true
BROS,DUTCH BROS INC CLASS A,true
AOS,SMITH (A.O.) CORP,true
CRBG,COREBRIDGE FINANCIAL INC,true
LNTH,LANTHEUS HOLDINGS INC,true
BYD,BOYD GAMING CORP,true
NFG,NATIONAL FUEL GAS CO,true
MTG,MGIC INVESTMENT CORP,true
ORA,ORMAT TECHNOLOGIES INC,true
CNM,CORE + MAIN INC CLASS A,true
AWI,ARMSTRONG WORLD INDUSTRIES,true
PRIM,PRIMORIS SERVICES CORP,true
MXL,MAXLINEAR INC,true
MSGS,MADISON SQUARE GARDEN SPORTS,true
CART,MAPLEBEAR INC,true
STAG,STAG INDUSTRIAL INC,true
IRDM,IRIDIUM COMMUNICATIONS INC,true
HRL,HORMEL FOODS CORP,true
HQY,HEALTHEQUITY INC,true
KLIC,KULICKE + SOFFA INDUSTRIES,true
SNEX,STONEX GROUP INC,true
THG,HANOVER INSURANCE GROUP INC/,true
FSS,FEDERAL SIGNAL CORP,true
AM,ANTERO MIDSTREAM CORP,true
CHE,CHEMED CORP,true
HR,HEALTHCARE REALTY TRUST INC,true
INGR,INGREDION INC,true
WH,WYNDHAM HOTELS + RESORTS INC,true
JXN,JACKSON FINANCIAL INC A,true
PAYC,PAYCOM SOFTWARE INC,true
AVTR,AVANTOR INC,true
SAIC,SCIENCE APPLICATIONS INTE,true
MATX,MATSON INC,true
TRNO,TERRENO REALTY CORP,true
AVAV,AEROVIRONMENT INC,true
WEX,WEX INC,true
ACI,ALBERTSONS COS INC   CLASS A,true
PB,PROSPERITY BANCSHARES INC,true
HWC,HANCOCK WHITNEY CORP,true
LW,LAMB WESTON HOLDINGS INC,true
MRCY,MERCURY SYSTEMS INC,true
CNO,CNO FINANCIAL GROUP INC,true
KNSL,KINSALE CAPITAL GROUP INC,true
HSIC,HENRY SCHEIN INC,true
MTDR,MATADOR RESOURCES CO,true
CAG,CONAGRA BRANDS INC,true
GHC,GRAHAM HOLDINGS CO CLASS B,true
MHK,MOHAWK INDUSTRIES INC,true
BRKR,BRUKER CORP,true
VICR,VICOR CORP,true
TFX,TELEFLEX INC,true
GNTX,GENTEX CORP,true
CZR,CAESARS ENTERTAINMENT INC,true
TNL,TRAVEL   LEISURE CO,true
PTGX,PROTAGONIST THERAPEUTICS INC,true
KRG,KITE REALTY GROUP TRUST,true
NPO,ENPRO INC,true
LNC,LINCOLN NATIONAL CORP,true
RGEN,REPLIGEN CORP,true
RYN,RAYONIER INC,true
CHDN,CHURCHILL DOWNS INC,true
FNB,FNB CORP,true
ESNT,ESSENT GROUP LTD,true
CVSA,COVISTA INC,true
GXO,GXO LOGISTICS INC,true
CVLT,COMMVAULT SYSTEMS INC,true
MUR,MURPHY OIL CORP,true
CVCO,CAVCO INDUSTRIES INC,true
ACA,ARCOSA INC,true
NEU,NEWMARKET CORP,true
OZK,BANK OZK,true
CAVA,CAVA GROUP INC,true
NXST,NEXSTAR MEDIA GROUP INC,true
ERIE,ERIE INDEMNITY COMPANY CL A,true
GATX,GATX CORP,true
JBTM,JBT MAREL CORP,true
NE,NOBLE CORP PLC,true
BIO,BIO RAD LABORATORIES A,true
VSXY,VICTORIA S SECRET + CO,true
VNO,VORNADO REALTY TRUST,true
VAL,VALARIS LTD,true
NOVT,NOVANTA INC,true
MP,MP MATERIALS CORP,true
G,GENPACT LTD,true
BC,BRUNSWICK CORP,true
MSA,MSA SAFETY INC,true
VLY,VALLEY NATIONAL BANCORP,true
EPAM,EPAM SYSTEMS INC,true
CNR,CORE NATURAL RESOURCES INC,true
EAT,BRINKER INTERNATIONAL INC,true
PTCT,PTC THERAPEUTICS INC,true
DAN,DANA INC,true
CE,CELANESE CORP,true
MSM,MSC INDUSTRIAL DIRECT CO A,true
STWD,STARWOOD PROPERTY TRUST INC,true
GKOS,GLAUKOS CORP,true
CNX,CNX RESOURCES CORP,true
ALK,ALASKA AIR GROUP INC,true
HRB,H+R BLOCK INC,true
SYNA,SYNAPTICS INC,true
HIMS,HIMS + HERS HEALTH INC,true
VFC,VF CORP,true
RDN,RADIAN GROUP INC,true
ACLS,AXCELIS TECHNOLOGIES INC,true
FHI,FEDERATED HERMES INC,true
MGY,MAGNOLIA OIL + GAS CORP   A,true
ZWS,ZURN ELKAY WATER SOLUTIONS C,true
FND,FLOOR + DECOR HOLDINGS INC A,true
AN,AUTONATION INC,true
FTDR,FRONTDOOR INC,true
CWST,CASELLA WASTE SYSTEMS INC A,true
UBSI,UNITED BANKSHARES INC,true
UMBF,UMB FINANCIAL CORP,true
MTN,VAIL RESORTS INC,true
MAC,MACERICH CO/THE,true
KBR,KBR INC,true
TCBI,TEXAS CAPITAL BANCSHARES INC,true
ESAB,ESAB CORP,true
MWA,MUELLER WATER PRODUCTS INC A,true
BCPC,BALCHEM CORP,true
GTES,GATES INDUSTRIAL CORP PLC,true
FCN,FTI CONSULTING INC,true
NJR,NEW JERSEY RESOURCES CORP,true
TXNM,TXNM ENERGY INC,true
SLM,SLM CORP,true
BCO,BRINK S CO/THE,true
MAT,MATTEL INC,true
MORN,MORNINGSTAR INC,true
SXT,SENSIENT TECHNOLOGIES CORP,true
UFPI,UFP INDUSTRIES INC,true
LBRT,LIBERTY ENERGY INC,true
FBIN,FORTUNE BRANDS INNOVATIONS I,true
ACIW,ACI WORLDWIDE INC,true
SKY,CHAMPION HOMES INC,true
EXLS,EXLSERVICE HOLDINGS INC,true
AX,AXOS FINANCIAL INC,true
SON,SONOCO PRODUCTS CO,true
MTH,MERITAGE HOMES CORP,true
BSY,BENTLEY SYSTEMS INC CLASS B,true
WSC,WILLSCOT HOLDINGS CORP,true
SIGI,SELECTIVE INSURANCE GROUP,true
ABCB,AMERIS BANCORP,true
VVV,VALVOLINE INC,true
PATH,UIPATH INC   CLASS A,true
URBN,URBAN OUTFITTERS INC,true
PBF,PBF ENERGY INC CLASS A,true
CBT,CABOT CORP,true
VSAT,VIASAT INC,true
CWEN,CLEARWAY ENERGY INC C,true
MKTX,MARKETAXESS HOLDINGS INC,true
ENVA,ENOVA INTERNATIONAL INC,true
MC,MOELIS + CO   CLASS A,true
SWX,SOUTHWEST GAS HOLDINGS INC,true
BF-B,BROWN FORMAN CORP CLASS B,true
PVH,PVH CORP,true
PECO,PHILLIPS EDISON + COMPANY IN,true
ACMR,ACM RESEARCH INC CLASS A,true
CLSK,CLEANSPARK INC,true
IBP,INSTALLED BUILDING PRODUCTS,true
TREX,TREX COMPANY INC,true
LPX,LOUISIANA PACIFIC CORP,true
INDV,INDIVIOR PHARMACEUTICALS INC,true
TEX,TEREX CORP,true
POR,PORTLAND GENERAL ELECTRIC CO,true
DVA,DAVITA INC,true
BKH,BLACK HILLS CORP,true
GAP,GAP INC/THE,true
BDC,BELDEN INC,true
CPB,THE CAMPBELL S COMPANY,true
SXI,STANDEX INTERNATIONAL CORP,true
OPLN,OPENLANE INC,true
LOPE,GRAND CANYON EDUCATION INC,true
KBH,KB HOME,true
PIPR,PIPER SANDLER COS,true
POWI,POWER INTEGRATIONS INC,true
FFIN,FIRST FINL BANKSHARES INC,true
GBCI,GLACIER BANCORP INC,true
PCTY,PAYLOCITY HOLDING CORP,true
REZI,RESIDEO TECHNOLOGIES INC,true
POST,POST HOLDINGS INC,true
HP,HELMERICH + PAYNE,true
PLNT,PLANET FITNESS INC   CL A,true
ASB,ASSOCIATED BANC CORP,true
SIG,SIGNET JEWELERS LTD,true
HOMB,HOME BANCSHARES INC,true
HASI,HA SUSTAINABLE INFRASTRUCTUR,true
WING,WINGSTOP INC,true
BRC,BRADY CORPORATION   CL A,true
CATY,CATHAY GENERAL BANCORP,true
DIOD,DIODES INC,true
MDU,MDU RESOURCES GROUP INC,true
AZZ,AZZ INC,true
ASO,ACADEMY SPORTS + OUTDOORS IN,true
SR,SPIRE INC,true
WMG,WARNER MUSIC GROUP CORP CL A,true
RLI,RLI CORP,true
LRN,STRIDE INC,true
OGS,ONE GAS INC,true
CUZ,COUSINS PROPERTIES INC,true
EPR,EPR PROPERTIES,true
HCC,WARRIOR MET COAL INC,true
BKU,BANKUNITED INC,true
BBWI,BATH + BODY WORKS INC,true
GFF,GRIFFON CORP,true
TDS,TELEPHONE AND DATA SYSTEMS,true
CELH,CELSIUS HOLDINGS INC,true
OLLI,OLLIE S BARGAIN OUTLET HOLDI,true
SKYW,SKYWEST INC,true
OII,OCEANEERING INTL INC,true
VCTR,VICTORY CAPITAL HOLDING   A,true
UNF,UNIFIRST CORP/MA,true
CTRE,CARETRUST REIT INC,true
ARCB,ARCBEST CORP,true
IPGP,IPG PHOTONICS CORP,true
VNT,VONTIER CORP,true
IBOC,INTERNATIONAL BANCSHARES CRP,true
THO,THOR INDUSTRIES INC,true
BGC,BGC GROUP INC A,true
RUSHA,RUSH ENTERPRISES INC CL A,true
VSNT,VERSANT MEDIA GROUP INC,true
FELE,FRANKLIN ELECTRIC CO INC,true
KNF,KNIFE RIVER CORP,true
CRC,CALIFORNIA RESOURCES CORP,true
AIR,AAR CORP,true
ALGM,ALLEGRO MICROSYSTEMS INC,true
OLED,UNIVERSAL DISPLAY CORP,true
IRT,INDEPENDENCE REALTY TRUST IN,true
PII,POLARIS INC,true
DUOL,DUOLINGO,true
GNW,GENWORTH FINANCIAL INC,true
AGO,ASSURED GUARANTY LTD,true
PTEN,PATTERSON UTI ENERGY INC,true
PHIN,PHINIA INC,true
BFH,BREAD FINANCIAL HOLDINGS INC,true
LIVN,LIVANOVA PLC,true
ANF,ABERCROMBIE + FITCH CO CL A,true
PAG,PENSKE AUTOMOTIVE GROUP INC,true
MRP,MILLROSE PROPERTIES W/I,true
MTRN,MATERION CORP,true
SEDG,SOLAREDGE TECHNOLOGIES INC,true
VCYT,VERACYTE INC,true
SBRA,SABRA HEALTH CARE REIT INC,true
WHD,CACTUS INC   A,true
BOX,BOX INC   CLASS A,true
BMI,BADGER METER INC,true
EXTR,EXTREME NETWORKS INC,true
DORM,DORMAN PRODUCTS INC,true
KFY,KORN FERRY,true
SKT,TANGER INC,true
NWE,NORTHWESTERN ENERGY GROUP IN,true
AROC,ARCHROCK INC,true
HGV,HILTON GRAND VACATIONS INC,true
MMS,MAXIMUS INC,true
ATMU,ATMUS FILTRATION TECHNOLOGIE,true
CDP,COPT DEFENSE PROPERTIES,true
YETI,YETI HOLDINGS INC,true
KRC,KILROY REALTY CORP,true
WSFS,WSFS FINANCIAL CORP,true
BNL,BROADSTONE NET LEASE INC,true
NWS,NEWS CORP   CLASS B,true
FULT,FULTON FINANCIAL CORP,true
PJT,PJT PARTNERS INC   A,true
KN,KNOWLES CORP,true
LGND,LIGAND PHARMACEUTICALS,true
NVST,ENVISTA HOLDINGS CORP,true
BOOT,BOOT BARN HOLDINGS INC,true
OTTR,OTTER TAIL CORP,true
TDC,TERADATA CORP,true
AAP,ADVANCE AUTO PARTS INC,true
UCTT,ULTRA CLEAN HOLDINGS INC,true
SFBS,SERVISFIRST BANCSHARES INC,true
DBX,DROPBOX INC CLASS A,true
QLYS,QUALYS INC,true
EPRT,ESSENTIAL PROPERTIES REALTY,true
KAI,KADANT INC,true
SARO,STANDARDAERO INC,true
VGNT,VERSIGENT PLC,true
EEFT,EURONET WORLDWIDE INC,true
FHB,FIRST HAWAIIAN INC,true
OPCH,OPTION CARE HEALTH INC,true
RHI,ROBERT HALF INC,true
TDW,TIDEWATER INC,true
TGTX,TG THERAPEUTICS INC,true
ABG,ASBURY AUTOMOTIVE GROUP,true
VC,VISTEON CORP,true
OUT,OUTFRONT MEDIA INC,true
CNK,CINEMARK HOLDINGS INC,true
GEO,GEO GROUP INC/THE,true
AMTM,AMENTUM HOLDINGS INC,true
APPF,APPFOLIO INC   A,true
CSW,CSW INDUSTRIALS INC,true
CHWY,CHEWY INC   CLASS A,true
CC,CHEMOURS CO/THE,true
BTU,PEABODY ENERGY CORP,true
OSIS,OSI SYSTEMS INC,true
SHOO,STEVEN MADDEN LTD,true
MIR,MIRION TECHNOLOGIES INC,true
BFAM,BRIGHT HORIZONS FAMILY SOLUT,true
HAE,HAEMONETICS CORP/MASS,true
OGN,ORGANON + CO,true
BHF,BRIGHTHOUSE FINANCIAL INC,true
BILL,BILL HOLDINGS INC,true
CBU,COMMUNITY FINANCIAL SYSTEM I,true
ITRI,ITRON INC,true
NSIT,INSIGHT ENTERPRISES INC,true
ADT,ADT INC,true
APLE,APPLE HOSPITALITY REIT INC,true
FLG,FLAGSTAR BANK NA,true
CVBF,CVB FINANCIAL CORP,true
RELY,REMITLY GLOBAL INC,true
CENX,CENTURY ALUMINUM COMPANY,true
CAR,AVIS BUDGET GROUP INC,true
SLG,SL GREEN REALTY CORP,true
RNG,RINGCENTRAL INC CLASS A,true
VNOM,VIPER ENERGY INC CL A,true
NSA,NATIONAL STORAGE AFFILIATES,true
PK,PARK HOTELS + RESORTS INC,true
MARA,MARA HOLDINGS INC,true
GPK,GRAPHIC PACKAGING HOLDING CO,true
FUL,H.B. FULLER CO.,true
RYAN,RYAN SPECIALTY HOLDINGS INC,true
VECO,VEECO INSTRUMENTS INC,true
DLB,DOLBY LABORATORIES INC CL A,true
MMSI,MERIT MEDICAL SYSTEMS INC,true
HWKN,HAWKINS INC,true
KTB,KONTOOR BRANDS INC,true
FIBK,FIRST INTERSTATE BANCSYS A,true
RUN,SUNRUN INC,true
COCO,VITA COCO CO INC/THE,true
MHO,M/I HOMES INC,true
ADEA,ADEIA INC,true
BXMT,BLACKSTONE MORTGAGE TRU CL A,true
INSW,INTERNATIONAL SEAWAYS INC,true
KALU,KAISER ALUMINUM CORP,true
PEGA,PEGASYSTEMS INC,true
CXW,CORECIVIC INC,true
VAC,MARRIOTT VACATIONS WORLD,true
UFPT,UFP TECHNOLOGIES INC,true
YOU,CLEAR SECURE INC  CLASS A,true
CHH,CHOICE HOTELS INTL INC,true
CPRX,CATALYST PHARMACEUTICALS INC,true
WU,WESTERN UNION CO,true
ASH,ASHLAND INC,true
INDB,INDEPENDENT BANK CORP/MA,true
AUB,ATLANTIC UNION BANKSHARES CO,true
HOG,HARLEY DAVIDSON INC,true
FRPT,FRESHPET INC,true
PPLI,PEOPLE INC,true
OLN,OLIN CORP,true
BHE,BENCHMARK ELECTRONICS INC,true
NTCT,NETSCOUT SYSTEMS INC,true
AVA,AVISTA CORP,true
UNFI,UNITED NATURAL FOODS INC,true
NATL,NCR ATLEOS CORP,true
ITGR,INTEGER HOLDINGS CORP,true
EXPO,EXPONENT INC,true
SLGN,SILGAN HOLDINGS INC,true
HIW,HIGHWOODS PROPERTIES INC,true
WDFC,WD 40 CO,true
PENN,PENN ENTERTAINMENT INC,true
PARR,PAR PACIFIC HOLDINGS INC,true
HLNE,HAMILTON LANE INC CLASS A,true
TRMK,TRUSTMARK CORP,true
UCB,UNITED COMMUNITY BANKS/GA,true
ELF,ELF BEAUTY INC,true
WLK,WESTLAKE CORP,true
RXO,RXO INC,true
HUBG,HUB GROUP INC CL A,true
PBI,PITNEY BOWES INC,true
DBD,DIEBOLD NIXDORF INC,true
AVNT,AVIENT CORP,true
CALM,CAL MAINE FOODS INC,true
KGS,KODIAK GAS SERVICES INC,true
LXP,LXP INDUSTRIAL TRUST,true
TBBK,BANCORP INC/THE,true
DAVE,DAVE INC,true
MPT,MEDICAL PROPERTIES TRUST INC,true
QTWO,Q2 HOLDINGS INC,true
FFBC,FIRST FINANCIAL BANCORP,true
KMT,KENNAMETAL INC,true
AWR,AMERICAN STATES WATER CO,true
CAKE,CHEESECAKE FACTORY INC/THE,true
WAFD,WAFD INC,true
MCY,MERCURY GENERAL CORP,true
AMR,ALPHA METALLURGICAL RESOURCE,true
TRN,TRINITY INDUSTRIES INC,true
RRR,RED ROCK RESORTS INC CLASS A,true
AEO,AMERICAN EAGLE OUTFITTERS,true
BCC,BOISE CASCADE CO,true
ACAD,ACADIA PHARMACEUTICALS INC,true
UE,URBAN EDGE PROPERTIES,true
CASH,PATHWARD FINANCIAL INC,true
MGEE,MGE ENERGY INC,true
APAM,ARTISAN PARTNERS ASSET MA  A,true
NHC,NATIONAL HEALTHCARE CORP,true
NGVT,INGEVITY CORP,true
ABM,ABM INDUSTRIES INC,true
BANC,BANC OF CALIFORNIA INC,true
ECPG,ENCORE CAPITAL GROUP INC,true
DRH,DIAMONDROCK HOSPITALITY CO,true
FOUR,SHIFT4 PAYMENTS INC CLASS A,true
PRK,PARK NATIONAL CORP,true
DXPE,DXP ENTERPRISES INC,true
SFNC,SIMMONS FIRST NATL CORP CL A,true
MTX,MINERALS TECHNOLOGIES INC,true
DOCS,DOXIMITY INC CLASS A,true
PLUS,EPLUS INC,true
CUBI,CUSTOMERS BANCORP INC,true
ICUI,ICU MEDICAL INC,true
PTON,PELOTON INTERACTIVE INC A,true
STEP,STEPSTONE GROUP INC CLASS A,true
RAMP,LIVERAMP HOLDINGS INC,true
PATK,PATRICK INDUSTRIES INC,true
PENG,PENGUIN SOLUTIONS INC,true
ROG,ROGERS CORP,true
RNST,RENASANT CORP,true
SHO,SUNSTONE HOTEL INVESTORS INC,true
SUPN,SUPERNUS PHARMACEUTICALS INC,true
GOLF,ACUSHNET HOLDINGS CORP,true
WERN,WERNER ENTERPRISES INC,true
CWT,CALIFORNIA WATER SERVICE GRP,true
PI,IMPINJ INC,true
OSW,ONESPAWORLD HOLDINGS LTD,true
RH,RH,true
SMG,SCOTTS MIRACLE GRO CO,true
PRDO,PERDOCEO EDUCATION CORP,true
CARG,CARGURUS INC,true
ALHC,ALIGNMENT HEALTHCARE INC,true
ANDE,ANDERSONS INC/THE,true
CURB,CURBLINE PROPERTIES CORP,true
TMDX,TRANSMEDICS GROUP INC,true
COHU,COHU INC,true
BBT,BEACON FINANCIAL CORP,true
PBH,PRESTIGE CONSUMER HEALTHCARE,true
NMIH,NMI HOLDINGS INC,true
WAY,WAYSTAR HOLDING CORP,true
CWK,CUSHMAN + WAKEFIELD LTD,true
NBTB,N B T BANCORP INC,true
RDNT,RADNET INC,true
ACHC,ACADIA HEALTHCARE CO INC,true
HE,HAWAIIAN ELECTRIC INDS,true
KD,KYNDRYL HOLDINGS INC,true
AMRX,AMNEAL PHARMACEUTICALS INC,true
PLMR,PALOMAR HOLDINGS INC,true
CON,CONCENTRA GROUP HOLDINGS PAR,true
CRGY,CRESCENT ENERGY INC A,true
WHR,WHIRLPOOL CORP,true
UTI,UNIVERSAL TECHNICAL INSTITUT,true
CPRI,CAPRI HOLDINGS LTD,true
OFG,OFG BANCORP,true
PEB,PEBBLEBROOK HOTEL TRUST,true
CALX,CALIX INC,true
AAMI,ACADIAN ASSET MANAGEMENT INC,true
XRAY,DENTSPLY SIRONA INC,true
HTH,HILLTOP HOLDINGS INC,true
IOSP,INNOSPEC INC,true
VRTS,VIRTUS INVESTMENT PARTNERS,true
CTS,CTS CORP,true
DGII,DIGI INTERNATIONAL INC,true
AIN,ALBANY INTL CORP CL A,true
CPK,CHESAPEAKE UTILITIES CORP,true
JOE,ST JOE CO/THE,true
XHR,XENIA HOTELS + RESORTS INC,true
PGNY,PROGYNY INC,true
PSN,PARSONS CORP,true
WRLD,WORLD ACCEPTANCE CORP,true
EPAC,ENERPAC TOOL GROUP CORP,true
PRLB,PROTO LABS INC,true
CHCO,CITY HOLDING CO,true
VIRT,VIRTU FINANCIAL INC CLASS A,true
SONO,SONOS INC,true
HTO,H2O AMERICA,true
PSKY,PARAMOUNT SKYDANCE CL B,true
STRA,STRATEGIC EDUCATION INC,true
NPK,NATIONAL PRESTO INDS INC,true
PRVA,PRIVIA HEALTH GROUP INC,true
AKR,ACADIA REALTY TRUST,true
PLAB,PHOTRONICS INC,true
COLM,COLUMBIA SPORTSWEAR CO,true
BANR,BANNER CORPORATION,true
ADNT,ADIENT PLC,true
DEI,DOUGLAS EMMETT INC,true
ZD,ZIFF DAVIS INC,true
WOR,WORTHINGTON ENTERPRISES INC,true
SEZL,SEZZLE INC,true
ATEN,A10 NETWORKS INC,true
WLY,WILEY (JOHN) + SONS CLASS A,true
MD,PEDIATRIX MEDICAL GROUP INC,true
TILE,INTERFACE INC,true
KWR,QUAKER CHEMICAL CORPORATION,true
CNS,COHEN + STEERS INC,true
FCF,FIRST COMMONWEALTH FINL CORP,true
ALRM,ALARM.COM HOLDINGS INC,true
SHAK,SHAKE SHACK INC   CLASS A,true
SPSC,SPS COMMERCE INC,true
BANF,BANCFIRST CORP,true
CENTA,CENTRAL GARDEN AND PET CO A,true
HLIT,HARMONIC INC,true
WKC,WORLD KINECT CORP,true
SAH,SONIC AUTOMOTIVE INC CLASS A,true
MBC,MASTERBRAND INC,true
FCPT,FOUR CORNERS PROPERTY TRUST,true
HAYW,HAYWARD HOLDINGS INC,true
MCRI,MONARCH CASINO + RESORT INC,true
SPNT,SIRIUSPOINT LTD,true
CXT,CRANE NXT CO,true
GRBK,GREEN BRICK PARTNERS INC,true
HMN,HORACE MANN EDUCATORS,true
PFS,PROVIDENT FINANCIAL SERVICES,true
MAN,MANPOWERGROUP INC,true
STBA,S + T BANCORP INC,true
SAM,BOSTON BEER COMPANY INC A,true
SEM,SELECT MEDICAL HOLDINGS CORP,true
KNTK,KINETIK HOLDINGS INC,true
KSS,KOHLS CORP,true
PDFS,PDF SOLUTIONS INC,true
CHEF,CHEFS  WAREHOUSE INC/THE,true
ALG,ALAMO GROUP INC,true
EZPW,EZCORP INC CL A,true
VSTS,VESTIS CORP,true
LZB,LA Z BOY INC,true
SHC,SOTERA HEALTH CO,true
VCEL,VERICEL CORP,true
OMCL,OMNICELL INC,true
MZTI,MARZETTI COMPANY/THE,true
NWN,NORTHWEST NATURAL HOLDING CO,true
HOPE,HOPE BANCORP INC,true
NEOG,NEOGEN CORP,true
NWBI,NORTHWEST BANCSHARES INC,true
FTRE,FORTREA HOLDINGS INC,true
CRI,CARTER S INC,true
CALY,CALLAWAY GOLF COMPANY,true
NOG,NORTHERN OIL AND GAS INC,true
AGYS,AGILYSYS INC,true
GT,GOODYEAR TIRE + RUBBER CO,true
LKFN,LAKELAND FINANCIAL CORP,true
JBGS,JBG SMITH PROPERTIES,true
SRPT,SAREPTA THERAPEUTICS INC,true
GIII,G III APPAREL GROUP LTD,true
FMC,FMC CORP,true
LMAT,LEMAITRE VASCULAR INC,true
WD,WALKER + DUNLOP INC,true
SBCF,SEACOAST BANKING CORP/FL,true
HCSG,HEALTHCARE SERVICES GROUP,true
NBHC,NATIONAL BANK HOLD CL A,true
GBX,GREENBRIER COMPANIES INC,true
SBH,SALLY BEAUTY HOLDINGS INC,true
PRA,PROASSURANCE CORP,true
DFH,DREAM FINDERS HOMES INC   A,true
ICHR,ICHOR HOLDINGS LTD,true
WS,WORTHINGTON STEEL INC,true
NWL,NEWELL BRANDS INC,true
IPAR,INTERPARFUMS INC,true
SCSC,SCANSOURCE INC,true
PRGO,PERRIGO CO PLC,true
JBLU,JETBLUE AIRWAYS CORP,true
EIG,EMPLOYERS HOLDINGS INC,true
IIPR,INNOVATIVE INDUSTRIAL PROPER,true
STC,STEWART INFORMATION SERVICES,true
LFST,LIFESTANCE HEALTH GROUP INC,true
UNIT,UNITI GROUP INC,true
LTC,LTC PROPERTIES INC,true
BL,BLACKLINE INC,true
PPC,PILGRIM S PRIDE CORP,true
TNC,TENNANT CO,true
SCHL,SCHOLASTIC CORP,true
LNN,LINDSAY CORP,true
SNDR,SCHNEIDER NATIONAL INC CL B,true
NEO,NEOGENOMICS INC,true
YELP,YELP INC,true
ADMA,ADMA BIOLOGICS INC,true
PFBC,PREFERRED BANK/LOS ANGELES,true
HLX,HELIX ENERGY SOLUTIONS GROUP,true
EVTC,EVERTEC INC,true
BLKB,BLACKBAUD INC,true
HNI,HNI CORP,true
MBIN,MERCHANTS BANCORP/IN,true
INVA,INNOVIVA INC,true
TFIN,TRIUMPH FINANCIAL INC,true
KMPR,KEMPER CORP,true
STAA,STAAR SURGICAL CO,true
LPG,DORIAN LPG LTD,true
LEG,LEGGETT + PLATT INC,true
ADUS,ADDUS HOMECARE CORP,true
CABO,CABLE ONE INC,true
ARI,APOLLO COMMERCIAL REAL ESTAT,true
DV,DOUBLEVERIFY HOLDINGS INC,true
FLO,FLOWERS FOODS INC,true
AZTA,AZENTA INC,true
AMN,AMN HEALTHCARE SERVICES INC,true
ALGT,ALLEGIANT TRAVEL CO,true
WABC,WESTAMERICA BANCORPORATION,true
SLVM,SYLVAMO CORP,true
KW,KENNEDY WILSON HOLDINGS INC,true
CRVL,CORVEL CORP,true
DCOM,DIME COMMERCIAL BANCSHARES I,true
BKE,BUCKLE INC/THE,true
WWW,WOLVERINE WORLD WIDE INC,true
CRK,COMSTOCK RESOURCES INC,true
CCS,CENTURY COMMUNITIES INC,true
GTY,GETTY REALTY CORP,true
IART,INTEGRA LIFESCIENCES HOLDING,true
NSSC,NAPCO SECURITY TECHNOLOGIES,true
OI,O I GLASS INC,true
BJRI,BJ S RESTAURANTS INC,true
CNXC,CONCENTRIX CORP,true
RCUS,ARCUS BIOSCIENCES INC,true
ROCK,GIBRALTAR INDUSTRIES INC,true
DFIN,DONNELLEY FINANCIAL SOLUTION,true
THRM,GENTHERM INC,true
FBK,FB FINANCIAL CORP,true
TRIP,TRIPADVISOR INC,true
AVNS,AVANOS MEDICAL INC,true
TNDM,TANDEM DIABETES CARE INC,true
WEN,WENDY S CO/THE,true
ACT,ENACT HOLDINGS INC,true
AAT,AMERICAN ASSETS TRUST INC,true
GEF,GREIF INC CL A,true
PZZA,PAPA JOHN S INTL INC,true
PRKS,UNITED PARKS + RESORTS INC,true
VTOL,BRISTOW GROUP INC,true
DLX,DELUXE CORP,true
CPF,CENTRAL PACIFIC FINANCIAL CO,true
AOSL,ALPHA + OMEGA SEMICONDUCTOR,true
UPWK,UPWORK INC,true
BRBR,BELLRING BRANDS INC,true
NSP,INSPERITY INC,true
TMP,TOMPKINS FINANCIAL CORP,true
JJSF,J + J SNACK FOODS CORP,true
SAFT,SAFETY INSURANCE GROUP INC,true
AESI,ATLAS ENERGY SOLUTIONS INC,true
ENR,ENERGIZER HOLDINGS INC,true
UAA,UNDER ARMOUR INC CLASS A,true
APOG,APOGEE ENTERPRISES INC,true
ASTE,ASTEC INDUSTRIES INC,true
PAYO,PAYONEER GLOBAL INC,true
SBSI,SOUTHSIDE BANCSHARES INC,true
WINA,WINMARK CORP,true
DNOW,DNOW INC,true
HCI,HCI GROUP INC,true
INSP,INSPIRE MEDICAL SYSTEMS INC,true
FUN,SIX FLAGS ENTERTAINMENT CORP,true
EPC,EDGEWELL PERSONAL CARE CO,true
STEL,STELLAR BANCORP INC,true
ARLO,ARLO TECHNOLOGIES INC,true
CNMD,CONMED CORP,true
UVV,UNIVERSAL CORP/VA,true
UA,UNDER ARMOUR INC CLASS C,true
GNL,GLOBAL NET LEASE INC,true
EFOR,EVERFORTH INC,true
ABR,ARBOR REALTY TRUST INC,true
CFFN,CAPITOL FEDERAL FINANCIAL IN,true
HAFC,HANMI FINANCIAL CORPORATION,true
PCRX,PACIRA BIOSCIENCES INC,true
PMT,PENNYMAC MORTGAGE INVESTMENT,true
SMPL,SIMPLY GOOD FOODS CO/THE,true
MRTN,MARTEN TRANSPORT LTD,true
FG,F+G ANNUITIES + LIFE INC,true
CVI,CVR ENERGY INC,true
FIZZ,NATIONAL BEVERAGE CORP,true
FDP,FRESH DEL MONTE PRODUCE INC,true
LQDT,LIQUIDITY SERVICES INC,true
TRST,TRUSTCO BANK CORP NY,true
INVX,INNOVEX INTERNATIONAL INC,true
MLKN,MILLERKNOLL INC,true
TWO,TWO HARBORS INVESTMENT CORP,true
VYX,NCR VOYIX CORP,true
AHCO,ADAPTHEALTH CORP,true
CNXN,PC CONNECTION INC,true
QDEL,QUIDELORTHO CORP,true
FBNC,FIRST BANCORP/NC,true
WGO,WINNEBAGO INDUSTRIES,true
EGBN,EAGLE BANCORP INC,true
HFWA,HERITAGE FINANCIAL CORP,true
GSHD,GOOSEHEAD INSURANCE INC  A,true
ENOV,ENOVIS CORP,true
SCL,STEPAN CO,true
USPH,U.S. PHYSICAL THERAPY INC,true
PRG,PROG HOLDINGS INC,true
ASTH,ASTRANA HEALTH INC,true
SDGR,SCHRODINGER INC,true
MSEX,MIDDLESEX WATER CO,true
HRMY,HARMONY BIOSCIENCES HOLDINGS,true
BLFS,BIOLIFE SOLUTIONS INC,true
MATW,MATTHEWS INTL CORP CLASS A,true
GTM,ZOOMINFO TECHNOLOGIES INC,true
HSTM,HEALTHSTREAM INC,true
WSR,WHITESTONE REIT,true
LGIH,LGI HOMES INC,true
HTZ,HERTZ GLOBAL HLDGS INC,true
HTLD,HEARTLAND EXPRESS INC,true
SHEN,SHENANDOAH TELECOMMUNICATION,true
ADAM,ADAMAS TRUST INC,true
MMI,MARCUS + MILLICHAP INC,true
CBRL,CRACKER BARREL OLD COUNTRY,true
AORT,ARTIVION INC,true
PRSU,PURSUIT ATTRACTIONS AND HOSP,true
OXM,OXFORD INDUSTRIES INC,true
CCOI,COGENT COMMUNICATIONS HOLDIN,true
UFCS,UNITED FIRE GROUP INC,true
UPBD,UPBOUND GROUP INC,true
TR,TOOTSIE ROLL INDS,true
UTL,UNITIL CORP,true
EFC,ELLINGTON FINANCIAL INC,true
KOP,KOPPERS HOLDINGS INC,true
XNCR,XENCOR INC,true
VIR,VIR BIOTECHNOLOGY INC,true
PRAA,PRA GROUP INC,true
FOXF,FOX FACTORY HOLDING CORP,true
DCH,DAUCH CORPORATION,true
AMPH,AMPHASTAR PHARMACEUTICALS IN,true
TRUP,TRUPANION INC,true
LZ,LEGALZOOMCOM INC,true
TALO,TALOS ENERGY INC,true
DEA,EASTERLY GOVERNMENT PROPERTI,true
GO,GROCERY OUTLET HOLDING CORP,true
RWT,REDWOOD TRUST INC,true
BFS,SAUL CENTERS INC,true
VRRM,VERRA MOBILITY CORP,true
SMP,STANDARD MOTOR PRODS,true
CLB,CORE LABORATORIES INC,true
NX,QUANEX BUILDING PRODUCTS,true
HZO,MARINEMAX INC,true
CERT,CERTARA INC,true
ETD,ETHAN ALLEN INTERIORS INC,true
CXM,SPRINKLR INC A,true
QNST,QUINSTREET INC,true
SABR,SABRE CORP,true
COTY,COTY INC CL A,true
PAHC,PHIBRO ANIMAL HEALTH CORP A,true
XPEL,XPEL INC,true
CENT,CENTRAL GARDEN + PET CO,true
NXRT,NEXPOINT RESIDENTIAL,true
RES,RPC INC,true
REX,REX AMERICAN RESOURCES CORP,true
SAFE,SAFEHOLD INC,true
MNRO,MONRO INC,true
AMSF,AMERISAFE INC,true
ANIP,ANI PHARMACEUTICALS INC,true
CSR,CENTERSPACE,true
MTUS,METALLUS INC,true
IIIN,INSTEEL INDUSTRIES INC,true
JBSS,JOHN B. SANFILIPPO + SON INC,true
NAVI,NAVIENT CORP,true
UHT,UNIVERSAL HEALTH RLTY INCOME,true
GDYN,GRID DYNAMICS HOLDINGS INC,true
ARR,ARMOUR RESIDENTIAL REIT INC,true
FBRT,FRANKLIN BSP REALTY TRUST IN,true
CTKB,CYTEK BIOSCIENCES INC,true
COLL,COLLEGIUM PHARMACEUTICAL INC,true
AGNT,EXP WORLD HOLDINGS INC,true
VITL,VITAL FARMS INC,true
CRSR,CORSAIR GAMING INC,true
SSTK,SHUTTERSTOCK INC,true
FWRD,FORWARD AIR CORP,true
GOGO,GOGO INC,true
NABL,N ABLE INC,true
EMBC,EMBECTA CORP,true
LYFT,LYFT INC A,true
VSEC,VSE CORP,true
RITM,RITHM CAPITAL CORP,true
LTH,LIFE TIME GROUP HOLDINGS INC,true
LAUR,LAUREATE EDUCATION INC,true
SPHR,SPHERE ENTERTAINMENT CO,true
LIF,LIFE360 INC,true
NET,Cloudflare Inc,true
