symbol,name,sector,weight
A,AGILENT TECHNOLOGIES INC,-,0.058587
AA,ALCOA CORP,-,0.02054
AAL,AMERICAN AIRLINES GROUP INC,-,0.012064
AAMI,ACADIAN ASSET MANAGEMENT INC,-,0.003126
AAON,AAON INC,-,0.012168
AAP,ADVANCE AUTO PARTS INC,-,0.005329
AAPL,APPLE INC,-,6.483399
AAT,AMERICAN ASSETS TRUST INC,-,0.001725
ABBV,ABBVIE INC,-,0.563976
ABCB,AMERIS BANCORP,-,0.007014
ABG,ASBURY AUTOMOTIVE GROUP,-,0.005129
ABM,ABM INDUSTRIES INC,-,0.00374
ABNB,AIRBNB INC CLASS A,-,0.083
ABR,ARBOR REALTY TRUST INC,-,0.001481
ABT,ABBOTT LABORATORIES,-,0.225153
ACA,ARCOSA INC,-,0.008496
ACAD,ACADIA PHARMACEUTICALS INC,-,0.003832
ACGL,ARCH CAPITAL GROUP LTD,-,0.047556
ACHC,ACADIA HEALTHCARE CO INC,-,0.003297
ACI,ALBERTSONS COS INC   CLASS A,-,0.00919
ACIW,ACI WORLDWIDE INC,-,0.007135
ACLS,AXCELIS TECHNOLOGIES INC,-,0.007642
ACM,AECOM,-,0.014573
ACMR,ACM RESEARCH INC CLASS A,-,0.006726
ACN,ACCENTURE PLC CL A,-,0.154268
ACT,ENACT HOLDINGS INC,-,0.001727
ADAM,ADAMAS TRUST INC,-,0.001122
ADBE,ADOBE INC,-,0.148349
ADC,AGREE REALTY CORP,-,0.010683
ADEA,ADEIA INC,-,0.004606
ADI,ANALOG DEVICES INC,-,0.299498
ADM,ARCHER DANIELS MIDLAND CO,-,0.055162
ADMA,ADMA BIOLOGICS INC,-,0.002013
ADNT,ADIENT PLC,-,0.002946
ADP,AUTOMATIC DATA PROCESSING,-,0.134259
ADSK,AUTODESK INC,-,0.072343
ADT,ADT INC,-,0.004867
ADUS,ADDUS HOMECARE CORP,-,0.001968
AEE,AMEREN CORPORATION,-,0.03919
AEIS,ADVANCED ENERGY INDUSTRIES,-,0.017172
AEO,AMERICAN EAGLE OUTFITTERS,-,0.003883
AEP,AMERICAN ELECTRIC POWER,-,0.096133
AES,AES CORP,-,0.01443
AESI,ATLAS ENERGY SOLUTIONS INC,-,0.001622
AFG,AMERICAN FINANCIAL GROUP INC,-,0.012994
AFL,AFLAC INC,-,0.075112
AGCO,AGCO CORP,-,0.010663
AGNT,EXP WORLD HOLDINGS INC,-,0.000526
AGO,ASSURED GUARANTY LTD,-,0.005718
AGX,ARGAN INC,-,0.013725
AGYS,AGILYSYS INC,-,0.00233
AHCO,ADAPTHEALTH CORP,-,0.001367
AHR,AMERICAN HEALTHCARE REIT INC,-,0.011675
AIG,AMERICAN INTERNATIONAL GROUP,-,0.054526
AIN,ALBANY INTL CORP CL A,-,0.003093
AIR,AAR CORP,-,0.005774
AIT,APPLIED INDUSTRIAL TECH INC,-,0.018506
AIZ,ASSURANT INC,-,0.018883
AJG,ARTHUR J GALLAGHER + CO,-,0.075654
AKAM,AKAMAI TECHNOLOGIES INC,-,0.034633
AKR,ACADIA REALTY TRUST,-,0.002976
ALB,ALBEMARLE CORP,-,0.028687
ALG,ALAMO GROUP INC,-,0.002534
ALGM,ALLEGRO MICROSYSTEMS INC,-,0.005772
ALGN,ALIGN TECHNOLOGY INC,-,0.017584
ALGT,ALLEGIANT TRAVEL CO,-,0.001902
ALHC,ALIGNMENT HEALTHCARE INC,-,0.003427
ALK,ALASKA AIR GROUP INC,-,0.007746
ALKS,ALKERMES PLC,-,0.01048
ALL,ALLSTATE CORP,-,0.080166
ALLE,ALLEGION PLC,-,0.017179
ALLY,ALLY FINANCIAL INC,-,0.016721
ALRM,ALARM.COM HOLDINGS INC,-,0.002789
ALV,AUTOLIV INC,-,0.014653
AM,ANTERO MIDSTREAM CORP,-,0.009541
AMAT,APPLIED MATERIALS INC,-,0.564052
AMCR,AMCOR PLC,-,0.025296
AMD,ADVANCED MICRO DEVICES,-,1.206976
AME,AMETEK INC,-,0.075721
AMG,AFFILIATED MANAGERS GROUP,-,0.016115
AMGN,AMGEN INC,-,0.262009
AMH,AMERICAN HOMES 4 RENT  A,-,0.015232
AMKR,AMKOR TECHNOLOGY INC,-,0.011384
AMN,AMN HEALTHCARE SERVICES INC,-,0.001903
AMP,AMERIPRISE FINANCIAL INC,-,0.062387
AMPH,AMPHASTAR PHARMACEUTICALS IN,-,0.000967
AMR,ALPHA METALLURGICAL RESOURCE,-,0.003924
AMRX,AMNEAL PHARMACEUTICALS INC,-,0.003269
AMSF,AMERISAFE INC,-,0.000756
AMT,AMERICAN TOWER CORP,-,0.130526
AMTM,AMENTUM HOLDINGS INC,-,0.005054
AMZN,AMAZON.COM INC,-,3.522625
AN,AUTONATION INC,-,0.00756
ANDE,ANDERSONS INC/THE,-,0.00341
ANET,ARISTA NETWORKS INC,-,0.24214
ANF,ABERCROMBIE + FITCH CO CL A,-,0.005682
ANIP,ANI PHARMACEUTICALS INC,-,0.000734
AON,AON PLC CLASS A,-,0.1013
AORT,ARTIVION INC,-,0.001108
AOS,SMITH (A.O.) CORP,-,0.010059
AOSL,ALPHA + OMEGA SEMICONDUCTOR,-,0.001657
APA,APA CORP,-,0.019613
APAM,ARTISAN PARTNERS ASSET MA  A,-,0.003779
APD,AIR PRODUCTS + CHEMICALS INC,-,0.091139
APG,API GROUP CORP,-,0.022255
APH,AMPHENOL CORP CL A,-,0.254729
APLE,APPLE HOSPITALITY REIT INC,-,0.004866
APO,APOLLO GLOBAL MANAGEMENT INC,-,0.082644
APOG,APOGEE ENTERPRISES INC,-,0.001595
APP,APPLOVIN CORP CLASS A,-,0.216065
APPF,APPFOLIO INC   A,-,0.005044
APTV,APTIV PLC,-,0.0227
AR,ANTERO RESOURCES CORP,-,0.015282
ARCB,ARCBEST CORP,-,0.005961
ARE,ALEXANDRIA REAL ESTATE EQUIT,-,0.011993
ARES,ARES MANAGEMENT CORP   A,-,0.038062
ARI,APOLLO COMMERCIAL REAL ESTAT,-,0.001966
ARLO,ARLO TECHNOLOGIES INC,-,0.001499
ARMK,ARAMARK,-,0.020315
AROC,ARCHROCK INC,-,0.005509
ARR,ARMOUR RESIDENTIAL REIT INC,-,0.000579
ARW,ARROW ELECTRONICS INC,-,0.017944
ARWR,ARROWHEAD PHARMACEUTICALS IN,-,0.011069
ASB,ASSOCIATED BANC CORP,-,0.006414
ASH,ASHLAND INC,-,0.004448
ASO,ACADEMY SPORTS + OUTDOORS IN,-,0.006256
ASTE,ASTEC INDUSTRIES INC,-,0.001592
ASTH,ASTRANA HEALTH INC,-,0.00128
ATEN,A10 NETWORKS INC,-,0.002882
ATI,ATI INC,-,0.034438
ATMU,ATMUS FILTRATION TECHNOLOGIE,-,0.005473
ATO,ATMOS ENERGY CORP,-,0.036553
ATR,APTARGROUP INC,-,0.010379
AUB,ATLANTIC UNION BANKSHARES CO,-,0.00444
AVA,AVISTA CORP,-,0.004317
AVAV,AEROVIRONMENT INC,-,0.00929
AVB,AVALONBAY COMMUNITIES INC,-,0.037876
AVGO,BROADCOM INC,-,2.821992
AVNS,AVANOS MEDICAL INC,-,0.001746
AVNT,AVIENT CORP,-,0.004068
AVT,AVNET INC,-,0.012343
AVTR,AVANTOR INC,-,0.009384
AVY,AVERY DENNISON CORP,-,0.018089
AWI,ARMSTRONG WORLD INDUSTRIES,-,0.009851
AWK,AMERICAN WATER WORKS CO INC,-,0.034609
AWR,AMERICAN STATES WATER CO,-,0.00396
AX,AXOS FINANCIAL INC,-,0.007083
AXON,AXON ENTERPRISE INC,-,0.052992
AXP,AMERICAN EXPRESS CO,-,0.235268
AXTA,AXALTA COATING SYSTEMS LTD,-,0.010224
AYI,ACUITY INC,-,0.013797
AZO,AUTOZONE INC,-,0.072092
AZTA,AZENTA INC,-,0.00193
AZZ,AZZ INC,-,0.00628
BA,BOEING CO/THE,-,0.239887
BAC,BANK OF AMERICA CORP,-,0.505136
BAH,BOOZ ALLEN HAMILTON HOLDINGS,-,0.01181
BALL,BALL CORP,-,0.019234
BANC,BANC OF CALIFORNIA INC,-,0.00374
BANF,BANCFIRST CORP,-,0.002747
BANR,BANNER CORPORATION,-,0.002956
BAX,BAXTER INTERNATIONAL INC,-,0.014293
BBT,BEACON FINANCIAL CORP,-,0.003351
BBWI,BATH + BODY WORKS INC,-,0.006047
BBY,BEST BUY CO INC,-,0.020721
BC,BRUNSWICK CORP,-,0.00814
BCC,BOISE CASCADE CO,-,0.003837
BCO,BRINK S CO/THE,-,0.007217
BCPC,BALCHEM CORP,-,0.007282
BDC,BELDEN INC,-,0.006613
BDX,BECTON DICKINSON AND CO,-,0.062435
BEN,FRANKLIN RESOURCES INC,-,0.013082
BF-B,BROWN FORMAN CORP CLASS B,-,0.006767
BFAM,BRIGHT HORIZONS FAMILY SOLUT,-,0.004949
BFH,BREAD FINANCIAL HOLDINGS INC,-,0.005687
BFS,SAUL CENTERS INC,-,0.000905
BG,BUNGE GLOBAL SA,-,0.02793
BGC,BGC GROUP INC A,-,0.005896
BHE,BENCHMARK ELECTRONICS INC,-,0.004398
BHF,BRIGHTHOUSE FINANCIAL INC,-,0.004909
BIIB,BIOGEN INC,-,0.041659
BILL,BILL HOLDINGS INC,-,0.004905
BIO,BIO RAD LABORATORIES A,-,0.00827
BJ,BJ S WHOLESALE CLUB HOLDINGS,-,0.016748
BJRI,BJ S RESTAURANTS INC,-,0.001793
BKE,BUCKLE INC/THE,-,0.001854
BKH,BLACK HILLS CORP,-,0.006659
BKNG,BOOKING HOLDINGS INC,-,0.190726
BKR,BAKER HUGHES CO,-,0.096716
BKU,BANKUNITED INC,-,0.006053
BL,BLACKLINE INC,-,0.00209
BLD,TOPBUILD CORP,-,0.018997
BLDR,BUILDERS FIRSTSOURCE INC,-,0.013252
BLFS,BIOLIFE SOLUTIONS INC,-,0.001239
BLK,BLACKROCK INC,-,0.207253
BLKB,BLACKBAUD INC,-,0.001996
BMI,BADGER METER INC,-,0.005564
BMRN,BIOMARIN PHARMACEUTICAL INC,-,0.015591
BMY,BRISTOL MYERS SQUIBB CO,-,0.166832
BNL,BROADSTONE NET LEASE INC,-,0.005431
BNY,BANK OF NEW YORK MELLON CORP,-,0.141817
BOH,BANK OF HAWAII CORP,-,0.004684
BOOT,BOOT BARN HOLDINGS INC,-,0.005345
BOX,BOX INC   CLASS A,-,0.005567
BR,BROADRIDGE FINANCIAL SOLUTIO,-,0.026098
BRBR,BELLRING BRANDS INC,-,0.001656
BRC,BRADY CORPORATION   CL A,-,0.006309
BRK-B,BERKSHIRE HATHAWAY INC CL B,-,1.248269
BRKR,BRUKER CORP,-,0.008849
BRO,BROWN + BROWN INC,-,0.023953
BROS,DUTCH BROS INC CLASS A,-,0.010068
BRX,BRIXMOR PROPERTY GROUP INC,-,0.01324
BSX,BOSTON SCIENTIFIC CORP,-,0.10399
BSY,BENTLEY SYSTEMS INC CLASS B,-,0.007029
BTSG,BRIGHTSPRING HEALTH SERVICES,-,0.010805
BTU,PEABODY ENERGY CORP,-,0.005031
BURL,BURLINGTON STORES INC,-,0.030079
BWA,BORGWARNER INC,-,0.026666
BWXT,BWX TECHNOLOGIES INC,-,0.025386
BX,BLACKSTONE INC,-,0.122584
BXMT,BLACKSTONE MORTGAGE TRU CL A,-,0.004603
BXP,BXP INC,-,0.012867
BYD,BOYD GAMING CORP,-,0.009957
C,CITIGROUP INC,-,0.332638
CABO,CABLE ONE INC,-,0.001966
CACI,CACI INTERNATIONAL INC  CL A,-,0.016218
CAG,CONAGRA BRANDS INC,-,0.00889
CAH,CARDINAL HEALTH INC,-,0.065243
CAKE,CHEESECAKE FACTORY INC/THE,-,0.003955
CALM,CAL MAINE FOODS INC,-,0.004059
CALX,CALIX INC,-,0.003126
CALY,CALLAWAY GOLF COMPANY,-,0.002341
CAR,AVIS BUDGET GROUP INC,-,0.004812
CARG,CARGURUS INC,-,0.00346
CARR,CARRIER GLOBAL CORP,-,0.077468
CART,MAPLEBEAR INC,-,0.009719
CASH,PATHWARD FINANCIAL INC,-,0.003812
CASY,CASEY S GENERAL STORES INC,-,0.037491
CAT,CATERPILLAR INC,-,0.618274
CATY,CATHAY GENERAL BANCORP,-,0.006295
CAVA,CAVA GROUP INC,-,0.008441
CB,CHUBB LTD,-,0.161538
CBOE,CBOE GLOBAL MARKETS INC,-,0.045102
CBRE,CBRE GROUP INC   A,-,0.053625
CBRL,CRACKER BARREL OLD COUNTRY,-,0.001112
CBSH,COMMERCE BANCSHARES INC,-,0.010189
CBT,CABOT CORP,-,0.006891
CBU,COMMUNITY FINANCIAL SYSTEM I,-,0.004891
CC,CHEMOURS CO/THE,-,0.005034
CCI,CROWN CASTLE INC,-,0.05872
CCK,CROWN HOLDINGS INC,-,0.016282
CCL,CARNIVAL CORP LTD,-,0.041118
CCOI,COGENT COMMUNICATIONS HOLDIN,-,0.001094
CCS,CENTURY COMMUNITIES INC,-,0.001821
CDNS,CADENCE DESIGN SYS INC,-,0.162221
CDP,COPT DEFENSE PROPERTIES,-,0.005469
CDW,CDW CORP/DE,-,0.027169
CE,CELANESE CORP,-,0.007939
CEG,CONSTELLATION ENERGY,-,0.117077
CELH,CELSIUS HOLDINGS INC,-,0.005994
CENT,CENTRAL GARDEN + PET CO,-,0.000803
CENTA,CENTRAL GARDEN AND PET CO A,-,0.002724
CENX,CENTURY ALUMINUM COMPANY,-,0.004817
CERT,CERTARA INC,-,0.00087
CF,CF INDUSTRIES HOLDINGS INC,-,0.024868
CFFN,CAPITOL FEDERAL FINANCIAL IN,-,0.001473
CFG,CITIZENS FINANCIAL GROUP,-,0.036113
CFR,CULLEN/FROST BANKERS INC,-,0.011728
CG,CARLYLE GROUP INC/THE,-,0.013727
CGNX,COGNEX CORP,-,0.016543
CHCO,CITY HOLDING CO,-,0.003037
CHD,CHURCH + DWIGHT CO INC,-,0.033408
CHDN,CHURCHILL DOWNS INC,-,0.008634
CHE,CHEMED CORP,-,0.009537
CHEF,CHEFS  WAREHOUSE INC/THE,-,0.002545
CHH,CHOICE HOTELS INTL INC,-,0.004472
CHRD,CHORD ENERGY CORP,-,0.012514
CHRW,C.H. ROBINSON WORLDWIDE INC,-,0.031331
CHTR,CHARTER COMMUNICATIONS INC A,-,0.016063
CHWY,CHEWY INC   CLASS A,-,0.005036
CI,THE CIGNA GROUP,-,0.105929
CIEN,CIENA CORP,-,0.101878
CINF,CINCINNATI FINANCIAL CORP,-,0.035504
CL,COLGATE PALMOLIVE CO,-,0.098636
CLB,CORE LABORATORIES INC,-,0.000898
CLF,CLEVELAND CLIFFS INC,-,0.01042
CLH,CLEAN HARBORS INC,-,0.020362
CLSK,CLEANSPARK INC,-,0.006712
CLX,CLOROX COMPANY,-,0.016043
CMC,COMMERCIAL METALS CO,-,0.01327
CMCSA,COMCAST CORP CLASS A,-,0.120792
CME,CME GROUP INC,-,0.133376
CMG,CHIPOTLE MEXICAN GRILL INC,-,0.050246
CMI,CUMMINS INC,-,0.130822
CMS,CMS ENERGY CORP,-,0.029362
CNC,CENTENE CORP,-,0.043874
CNH,CNH INDUSTRIAL NV,-,0.012394
CNK,CINEMARK HOLDINGS INC,-,0.005074
CNM,CORE + MAIN INC CLASS A,-,0.009906
CNMD,CONMED CORP,-,0.001496
CNO,CNO FINANCIAL GROUP INC,-,0.008952
CNP,CENTERPOINT ENERGY INC,-,0.039575
CNR,CORE NATURAL RESOURCES INC,-,0.008081
CNS,COHEN + STEERS INC,-,0.002818
CNX,CNX RESOURCES CORP,-,0.007752
CNXC,CONCENTRIX CORP,-,0.001789
CNXN,PC CONNECTION INC,-,0.001363
COCO,VITA COCO CO INC/THE,-,0.004624
COF,CAPITAL ONE FINANCIAL CORP,-,0.164029
COHR,COHERENT CORP,-,0.112503
COHU,COHU INC,-,0.003365
COIN,COINBASE GLOBAL INC  CLASS A,-,0.052915
COKE,COCA COLA CONSOLIDATED INC,-,0.010693
COLB,COLUMBIA BANKING SYSTEM INC,-,0.012213
COLL,COLLEGIUM PHARMACEUTICAL INC,-,0.000529
COLM,COLUMBIA SPORTSWEAR CO,-,0.002965
CON,CONCENTRA GROUP HOLDINGS PAR,-,0.003247
COO,COOPER COS INC/THE,-,0.017327
COP,CONOCOPHILLIPS,-,0.206794
COR,CENCORA INC,-,0.074906
CORT,CORCEPT THERAPEUTICS INC,-,0.010989
COST,COSTCO WHOLESALE CORP,-,0.611769
COTY,COTY INC CL A,-,0.000821
CPAY,CORPAY INC,-,0.038508
CPB,THE CAMPBELL S COMPANY,-,0.006599
CPF,CENTRAL PACIFIC FINANCIAL CO,-,0.001666
CPK,CHESAPEAKE UTILITIES CORP,-,0.00309
CPRI,CAPRI HOLDINGS LTD,-,0.003194
CPRT,COPART INC,-,0.038877
CPRX,CATALYST PHARMACEUTICALS INC,-,0.004468
CPT,CAMDEN PROPERTY TRUST,-,0.016706
CR,CRANE CO,-,0.013261
CRBG,COREBRIDGE FINANCIAL INC,-,0.010046
CRC,CALIFORNIA RESOURCES CORP,-,0.005809
CRGY,CRESCENT ENERGY INC A,-,0.003243
CRH,CRH PLC,-,0.09978
CRI,CARTER S INC,-,0.00236
CRK,COMSTOCK RESOURCES INC,-,0.001822
CRL,CHARLES RIVER LABORATORIES,-,0.013321
CRM,SALESFORCE INC,-,0.251231
CROX,CROCS INC,-,0.011525
CRS,CARPENTER TECHNOLOGY,-,0.035414
CRSR,CORSAIR GAMING INC,-,0.000507
CRUS,CIRRUS LOGIC INC,-,0.014886
CRVL,CORVEL CORP,-,0.001867
CRWD,CROWDSTRIKE HOLDINGS INC   A,-,0.257029
CSCO,CISCO SYSTEMS INC,-,0.725045
CSGP,COSTAR GROUP INC,-,0.020097
CSL,CARLISLE COS INC,-,0.017632
CSR,CENTERSPACE,-,0.000718
CSW,CSW INDUSTRIALS INC,-,0.00504
CSX,CSX CORP,-,0.124927
CTAS,CINTAS CORP,-,0.085842
CTKB,CYTEK BIOSCIENCES INC,-,0.000529
CTRE,CARETRUST REIT INC,-,0.005962
CTS,CTS CORP,-,0.003105
CTSH,COGNIZANT TECH SOLUTIONS A,-,0.03907
CTVA,CORTEVA INC,-,0.072637
CUBE,CUBESMART,-,0.013132
CUBI,CUSTOMERS BANCORP INC,-,0.003623
CURB,CURBLINE PROPERTIES CORP,-,0.003404
CUZ,COUSINS PROPERTIES INC,-,0.006118
CVBF,CVB FINANCIAL CORP,-,0.004832
CVCO,CAVCO INDUSTRIES INC,-,0.008498
CVI,CVR ENERGY INC,-,0.00145
CVLT,COMMVAULT SYSTEMS INC,-,0.008547
CVNA,CARVANA CO,-,0.065006
CVS,CVS HEALTH CORP,-,0.168976
CVSA,COVISTA INC,-,0.008565
CVX,CHEVRON CORP,-,0.504293
CW,CURTISS WRIGHT CORP,-,0.04119
CWEN,CLEARWAY ENERGY INC C,-,0.006824
CWK,CUSHMAN + WAKEFIELD LTD,-,0.003307
CWST,CASELLA WASTE SYSTEMS INC A,-,0.00746
CWT,CALIFORNIA WATER SERVICE GRP,-,0.003503
CXM,SPRINKLR INC A,-,0.000843
CXT,CRANE NXT CO,-,0.002621
CXW,CORECIVIC INC,-,0.004494
CYTK,CYTOKINETICS INC,-,0.011702
CZR,CAESARS ENTERTAINMENT INC,-,0.008784
D,DOMINION ENERGY INC,-,0.079137
DAL,DELTA AIR LINES INC,-,0.073526
DAN,DANA INC,-,0.00795
DAR,DARLING INGREDIENTS INC,-,0.014402
DASH,DOORDASH INC   A,-,0.084544
DAVE,DAVE INC,-,0.004022
DBD,DIEBOLD NIXDORF INC,-,0.004084
DBX,DROPBOX INC CLASS A,-,0.005308
DCH,DAUCH CORPORATION,-,0.000978
DCI,DONALDSON CO INC,-,0.015272
DCOM,DIME COMMERCIAL BANCSHARES I,-,0.001861
DD,DUPONT DE NEMOURS INC,-,0.029591
DDOG,DATADOG INC   CLASS A,-,0.11184
DE,DEERE + CO,-,0.212669
DEA,EASTERLY GOVERNMENT PROPERTI,-,0.000946
DECK,DECKERS OUTDOOR CORP,-,0.023526
DEI,DOUGLAS EMMETT INC,-,0.002934
DELL,DELL TECHNOLOGIES  C,-,0.170898
DFH,DREAM FINDERS HOMES INC   A,-,0.002169
DFIN,DONNELLEY FINANCIAL SOLUTION,-,0.001765
DG,DOLLAR GENERAL CORP,-,0.032962
DGII,DIGI INTERNATIONAL INC,-,0.003097
DGX,QUEST DIAGNOSTICS INC,-,0.031838
DHI,DR HORTON INC,-,0.053673
DHR,DANAHER CORP,-,0.16502
DINO,HF SINCLAIR CORP,-,0.016064
DIOD,DIODES INC,-,0.006286
DIS,WALT DISNEY CO/THE,-,0.252572
DKS,DICK S SPORTING GOODS INC,-,0.022867
DLB,DOLBY LABORATORIES INC CL A,-,0.004707
DLR,DIGITAL REALTY TRUST INC,-,0.083564
DLTR,DOLLAR TREE INC,-,0.027833
DLX,DELUXE CORP,-,0.001666
DNOW,DNOW INC,-,0.001553
DOC,HEALTHPEAK PROPERTIES INC,-,0.018951
DOCN,DIGITALOCEAN HOLDINGS INC,-,0.013623
DOCS,DOXIMITY INC CLASS A,-,0.003636
DOCU,DOCUSIGN INC,-,0.014966
DORM,DORMAN PRODUCTS INC,-,0.005531
DOV,DOVER CORP,-,0.044183
DOW,DOW INC,-,0.03551
DPZ,DOMINO S PIZZA INC,-,0.012125
DRH,DIAMONDROCK HOSPITALITY CO,-,0.003702
DRI,DARDEN RESTAURANTS INC,-,0.033704
DT,DYNATRACE INC,-,0.015408
DTE,DTE ENERGY COMPANY,-,0.042949
DTM,DT MIDSTREAM INC,-,0.019799
DUK,DUKE ENERGY CORP,-,0.13638
DUOL,DUOLINGO,-,0.005722
DV,DOUBLEVERIFY HOLDINGS INC,-,0.001954
DVA,DAVITA INC,-,0.006664
DVN,DEVON ENERGY CORP,-,0.078138
DXC,DXC TECHNOLOGY CO,-,0.002645
DXCM,DEXCOM INC,-,0.040834
DXPE,DXP ENTERPRISES INC,-,0.003677
DY,DYCOM INDUSTRIES INC,-,0.022428
EA,ELECTRONIC ARTS INC,-,0.064003
EAT,BRINKER INTERNATIONAL INC,-,0.008021
EBAY,EBAY INC,-,0.07363
ECG,EVERUS CONSTRUCTION GROUP,-,0.011374
ECL,ECOLAB INC,-,0.0924
ECPG,ENCORE CAPITAL GROUP INC,-,0.003706
ED,CONSOLIDATED EDISON INC,-,0.052321
EEFT,EURONET WORLDWIDE INC,-,0.0052
EFC,ELLINGTON FINANCIAL INC,-,0.001053
EFOR,EVERFORTH INC,-,0.001481
EFX,EQUIFAX INC,-,0.029913
EG,EVEREST GROUP LTD,-,0.019697
EGBN,EAGLE BANCORP INC,-,0.001332
EGP,EASTGROUP PROPERTIES INC,-,0.012071
EHC,ENCOMPASS HEALTH CORP,-,0.014813
EIG,EMPLOYERS HOLDINGS INC,-,0.002124
EIX,EDISON INTERNATIONAL,-,0.039222
EL,ESTEE LAUDER COMPANIES CL A,-,0.027492
ELAN,ELANCO ANIMAL HEALTH INC,-,0.017627
ELF,ELF BEAUTY INC,-,0.00416
ELS,EQUITY LIFESTYLE PROPERTIES,-,0.016032
ELV,ELEVANCE HEALTH INC,-,0.126852
EMBC,EMBECTA CORP,-,0.000286
EME,EMCOR GROUP INC,-,0.057602
EMN,EASTMAN CHEMICAL CO,-,0.012473
EMR,EMERSON ELECTRIC CO,-,0.111647
ENOV,ENOVIS CORP,-,0.001301
ENPH,ENPHASE ENERGY INC,-,0.013263
ENR,ENERGIZER HOLDINGS INC,-,0.001609
ENS,ENERSYS,-,0.014907
ENSG,ENSIGN GROUP INC/THE,-,0.012721
ENTG,ENTEGRIS INC,-,0.030366
ENVA,ENOVA INTERNATIONAL INC,-,0.006789
EOG,EOG RESOURCES INC,-,0.111939
EPAC,ENERPAC TOOL GROUP CORP,-,0.003041
EPAM,EPAM SYSTEMS INC,-,0.008094
EPC,EDGEWELL PERSONAL CARE CO,-,0.001545
EPR,EPR PROPERTIES,-,0.006092
EPRT,ESSENTIAL PROPERTIES REALTY,-,0.005253
EQH,EQUITABLE HOLDINGS INC,-,0.018429
EQIX,EQUINIX INC,-,0.147754
EQR,EQUITY RESIDENTIAL,-,0.033799
EQT,EQT CORP,-,0.044855
ERIE,ERIE INDEMNITY COMPANY CL A,-,0.008383
ES,EVERSOURCE ENERGY,-,0.034624
ESAB,ESAB CORP,-,0.007335
ESE,ESCO TECHNOLOGIES INC,-,0.011672
ESI,ELEMENT SOLUTIONS INC,-,0.013464
ESNT,ESSENT GROUP LTD,-,0.008571
ESS,ESSEX PROPERTY TRUST INC,-,0.026047
ETD,ETHAN ALLEN INTERIORS INC,-,0.000866
ETN,EATON CORP PLC,-,0.227788
ETR,ENTERGY CORP,-,0.064705
ETSY,ETSY INC,-,0.011677
EVR,EVERCORE INC   A,-,0.018547
EVRG,EVERGY INC,-,0.027179
EVTC,EVERTEC INC,-,0.001997
EW,EDWARDS LIFESCIENCES CORP,-,0.069945
EWBC,EAST WEST BANCORP INC,-,0.025812
EXC,EXELON CORP,-,0.063441
EXE,EXPAND ENERGY CORP,-,0.026836
EXEL,EXELIXIS INC,-,0.023559
EXLS,EXLSERVICE HOLDINGS INC,-,0.0071
EXP,EAGLE MATERIALS INC,-,0.010753
EXPD,EXPEDITORS INTL WASH INC,-,0.027766
EXPE,EXPEDIA GROUP INC,-,0.036155
EXPO,EXPONENT INC,-,0.004274
EXR,EXTRA SPACE STORAGE INC,-,0.043672
EXTR,EXTREME NETWORKS INC,-,0.005552
EYE,NATIONAL VISION HOLDINGS INC,-,0.001824
EZPW,EZCORP INC CL A,-,0.002498
F,FORD MOTOR CO,-,0.086759
FAF,FIRST AMERICAN FINANCIAL,-,0.010144
FANG,DIAMONDBACK ENERGY INC,-,0.051406
FAST,FASTENAL CO,-,0.078236
FBIN,FORTUNE BRANDS INNOVATIONS I,-,0.007138
FBK,FB FINANCIAL CORP,-,0.001756
FBNC,FIRST BANCORP/NC,-,0.001336
FBP,FIRST BANCORP PUERTO RICO,-,0.007335
FBRT,FRANKLIN BSP REALTY TRUST IN,-,0.000572
FCF,FIRST COMMONWEALTH FINL CORP,-,0.00281
FCFS,FIRSTCASH HOLDINGS INC,-,0.013583
FCN,FTI CONSULTING INC,-,0.007257
FCPT,FOUR CORNERS PROPERTY TRUST,-,0.002661
FCX,FREEPORT MCMORAN INC,-,0.146375
FDP,FRESH DEL MONTE PRODUCE INC,-,0.001413
FDS,FACTSET RESEARCH SYSTEMS INC,-,0.014135
FDX,FEDEX CORP,-,0.098653
FDXF,FEDEX FREIGHT HOLDING CO,-,0.023717
FE,FIRSTENERGY CORP,-,0.034159
FELE,FRANKLIN ELECTRIC CO INC,-,0.005854
FFBC,FIRST FINANCIAL BANCORP,-,0.003978
FFIN,FIRST FINL BANKSHARES INC,-,0.006505
FFIV,F5 INC,-,0.036604
FG,F+G ANNUITIES + LIFE INC,-,0.00145
FHB,FIRST HAWAIIAN INC,-,0.005198
FHI,FEDERATED HERMES INC,-,0.007602
FHN,FIRST HORIZON CORP,-,0.017365
FIBK,FIRST INTERSTATE BANCSYS A,-,0.004652
FICO,FAIR ISAAC CORP,-,0.041227
FIS,FIDELITY NATIONAL INFO SERV,-,0.031819
FISV,FISERV INC,-,0.044082
FITB,FIFTH THIRD BANCORP,-,0.070433
FIVE,FIVE BELOW,-,0.015631
FIX,COMFORT SYSTEMS USA INC,-,0.092882
FIZZ,NATIONAL BEVERAGE CORP,-,0.00142
FLEX,FLEX LTD,-,0.090688
FLG,FLAGSTAR BANK NA,-,0.004859
FLO,FLOWERS FOODS INC,-,0.001944
FLR,FLUOR CORP,-,0.012404
FLS,FLOWSERVE CORP,-,0.014797
FMC,FMC CORP,-,0.00225
FN,FABRINET,-,0.035334
FNB,FNB CORP,-,0.008613
FND,FLOOR + DECOR HOLDINGS INC A,-,0.007563
FNF,FIDELITY NATIONAL FINANCIAL,-,0.017263
FORM,FORMFACTOR INC,-,0.01414
FOUR,SHIFT4 PAYMENTS INC CLASS A,-,0.003686
FOX,FOX CORP   CLASS B,-,0.012756
FOXA,FOX CORP   CLASS A,-,0.018317
FOXF,FOX FACTORY HOLDING CORP,-,0.000988
FR,FIRST INDUSTRIAL REALTY TR,-,0.011869
FRPT,FRESHPET INC,-,0.004423
FRT,FEDERAL REALTY INVS TRUST,-,0.012804
FSLR,FIRST SOLAR INC,-,0.048876
FSS,FEDERAL SIGNAL CORP,-,0.009561
FTDR,FRONTDOOR INC,-,0.007484
FTI,TECHNIPFMC PLC,-,0.041561
FTNT,FORTINET INC,-,0.138281
FTRE,FORTREA HOLDINGS INC,-,0.002378
FTV,FORTIVE CORP,-,0.030343
FUL,H.B. FULLER CO.,-,0.004766
FULT,FULTON FINANCIAL CORP,-,0.005391
FUN,SIX FLAGS ENTERTAINMENT CORP,-,0.001546
FWRD,FORWARD AIR CORP,-,0.000409
G,GENPACT LTD,-,0.008163
GAP,GAP INC/THE,-,0.006625
GATX,GATX CORP,-,0.008365
GBCI,GLACIER BANCORP INC,-,0.006503
GBX,GREENBRIER COMPANIES INC,-,0.002197
GD,GENERAL DYNAMICS CORP,-,0.125404
GDDY,GODADDY INC   CLASS A,-,0.017898
GDYN,GRID DYNAMICS HOLDINGS INC,-,0.000618
GE,GENERAL ELECTRIC,-,0.485348
GEF,GREIF INC CL A,-,0.001709
GEHC,GE HEALTHCARE TECHNOLOGY,-,0.043531
GEN,GEN DIGITAL INC,-,0.022446
GEO,GEO GROUP INC/THE,-,0.005063
GEV,GE VERNOVA INC,-,0.37024
GFF,GRIFFON CORP,-,0.006032
GGG,GRACO INC,-,0.018098
GHC,GRAHAM HOLDINGS CO CLASS B,-,0.008871
GIII,G III APPAREL GROUP LTD,-,0.002263
GILD,GILEAD SCIENCES INC,-,0.228603
GIS,GENERAL MILLS INC,-,0.024444
GKOS,GLAUKOS CORP,-,0.007782
GL,GLOBE LIFE INC,-,0.019115
GLPI,GAMING AND LEISURE PROPERTIE,-,0.017779
GLW,CORNING INC,-,0.218814
GM,GENERAL MOTORS CO,-,0.107949
GME,GAMESTOP CORP CLASS A,-,0.014453
GMED,GLOBUS MEDICAL INC   A,-,0.012752
GNL,GLOBAL NET LEASE INC,-,0.001483
GNRC,GENERAC HOLDINGS INC,-,0.025121
GNTX,GENTEX CORP,-,0.008823
GNW,GENWORTH FINANCIAL INC,-,0.005719
GO,GROCERY OUTLET HOLDING CORP,-,0.000941
GOGO,GOGO INC,-,0.000399
GOLF,ACUSHNET HOLDINGS CORP,-,0.003524
GOOG,ALPHABET INC CL C,-,2.475302
GOOGL,ALPHABET INC CL A,-,3.095159
GPC,GENUINE PARTS CO,-,0.020078
GPI,GROUP 1 AUTOMOTIVE INC,-,0.006309
GPK,GRAPHIC PACKAGING HOLDING CO,-,0.004767
GPN,GLOBAL PAYMENTS INC,-,0.025385
GRBK,GREEN BRICK PARTNERS INC,-,0.002614
GRMN,GARMIN LTD,-,0.052648
GS,GOLDMAN SACHS GROUP INC,-,0.463534
GSHD,GOOSEHEAD INSURANCE INC  A,-,0.001303
GT,GOODYEAR TIRE + RUBBER CO,-,0.002315
GTES,GATES INDUSTRIAL CORP PLC,-,0.007276
GTLS,CHART INDUSTRIES INC,-,0.011151
GTM,ZOOMINFO TECHNOLOGIES INC,-,0.001204
GTY,GETTY REALTY CORP,-,0.00181
GVA,GRANITE CONSTRUCTION INC,-,0.010387
GWRE,GUIDEWIRE SOFTWARE INC,-,0.018307
GWW,WW GRAINGER INC,-,0.083829
GXO,GXO LOGISTICS INC,-,0.008554
H,HYATT HOTELS CORP   CL A,-,0.012588
HAE,HAEMONETICS CORP/MASS,-,0.004944
HAFC,HANMI FINANCIAL CORPORATION,-,0.001473
HAL,HALLIBURTON CO,-,0.052718
HALO,HALOZYME THERAPEUTICS INC,-,0.013399
HAS,HASBRO INC,-,0.016126
HASI,HA SUSTAINABLE INFRASTRUCTUR,-,0.006355
HAYW,HAYWARD HOLDINGS INC,-,0.002659
HBAN,HUNTINGTON BANCSHARES INC,-,0.045526
HCA,HCA HEALTHCARE INC,-,0.082404
HCC,WARRIOR MET COAL INC,-,0.006062
HCI,HCI GROUP INC,-,0.001549
HCSG,HEALTHCARE SERVICES GROUP,-,0.002207
HD,HOME DEPOT INC,-,0.437603
HE,HAWAIIAN ELECTRIC INDS,-,0.003293
HFWA,HERITAGE FINANCIAL CORP,-,0.001318
HGV,HILTON GRAND VACATIONS INC,-,0.005498
HIG,HARTFORD INSURANCE GROUP INC,-,0.050571
HII,HUNTINGTON INGALLS INDUSTRIE,-,0.018278
HIMS,HIMS + HERS HEALTH INC,-,0.007707
HIW,HIGHWOODS PROPERTIES INC,-,0.004246
HL,HECLA MINING CO,-,0.01588
HLI,HOULIHAN LOKEY INC,-,0.010717
HLIT,HARMONIC INC,-,0.002693
HLNE,HAMILTON LANE INC CLASS A,-,0.004211
HLT,HILTON WORLDWIDE HOLDINGS IN,-,0.10926
HLX,HELIX ENERGY SOLUTIONS GROUP,-,0.002005
HMN,HORACE MANN EDUCATORS,-,0.002605
HNI,HNI CORP,-,0.001994
HOG,HARLEY DAVIDSON INC,-,0.004436
HOMB,HOME BANCSHARES INC,-,0.006394
HON,HONEYWELL INTERNATIONAL INC,-,0.194765
HOOD,ROBINHOOD MARKETS INC   A,-,0.09762
HOPE,HOPE BANCORP INC,-,0.002415
HP,HELMERICH + PAYNE,-,0.006443
HPE,HEWLETT PACKARD ENTERPRISE,-,0.100316
HPQ,HP INC,-,0.033506
HQY,HEALTHEQUITY INC,-,0.009634
HR,HEALTHCARE REALTY TRUST INC,-,0.009533
HRB,H+R BLOCK INC,-,0.007734
HRL,HORMEL FOODS CORP,-,0.009652
HRMY,HARMONY BIOSCIENCES HOLDINGS,-,0.001249
HSIC,HENRY SCHEIN INC,-,0.008909
HST,HOST HOTELS + RESORTS INC,-,0.024877
HSTM,HEALTHSTREAM INC,-,0.001197
HSY,HERSHEY CO/THE,-,0.039265
HTH,HILLTOP HOLDINGS INC,-,0.003106
HTLD,HEARTLAND EXPRESS INC,-,0.001145
HTO,H2O AMERICA,-,0.003002
HTZ,HERTZ GLOBAL HLDGS INC,-,0.001157
HUBB,HUBBELL INC,-,0.038547
HUBG,HUB GROUP INC CL A,-,0.004139
HUM,HUMANA INC,-,0.062375
HWC,HANCOCK WHITNEY CORP,-,0.009092
HWKN,HAWKINS INC,-,0.004687
HWM,HOWMET AEROSPACE INC,-,0.142415
HXL,HEXCEL CORP,-,0.011069
HZO,MARINEMAX INC,-,0.000884
IART,INTEGRA LIFESCIENCES HOLDING,-,0.001804
IBKR,INTERACTIVE BROKERS GRO CL A,-,0.054188
IBM,INTL BUSINESS MACHINES CORP,-,0.400177
IBOC,INTERNATIONAL BANCSHARES CRP,-,0.00594
IBP,INSTALLED BUILDING PRODUCTS,-,0.006709
ICE,INTERCONTINENTAL EXCHANGE IN,-,0.11262
ICHR,ICHOR HOLDINGS LTD,-,0.002164
ICUI,ICU MEDICAL INC,-,0.0036
IDA,IDACORP INC,-,0.010137
IDCC,INTERDIGITAL INC,-,0.011511
IDXX,IDEXX LABORATORIES INC,-,0.062563
IEX,IDEX CORP,-,0.023912
IFF,INTL FLAVORS + FRAGRANCES,-,0.026339
IIIN,INSTEEL INDUSTRIES INC,-,0.000702
IIPR,INNOVATIVE INDUSTRIAL PROPER,-,0.002116
ILMN,ILLUMINA INC,-,0.038643
INCY,INCYTE CORP,-,0.026862
INDB,INDEPENDENT BANK CORP/MA,-,0.004441
INDV,INDIVIOR PHARMACEUTICALS INC,-,0.006681
INGR,INGREDION INC,-,0.009506
INSP,INSPIRE MEDICAL SYSTEMS INC,-,0.001546
INSW,INTERNATIONAL SEAWAYS INC,-,0.004583
INTC,INTEL CORP,-,0.745678
INTU,INTUIT INC,-,0.120126
INVA,INNOVIVA INC,-,0.001985
INVH,INVITATION HOMES INC,-,0.02455
INVX,INNOVEX INTERNATIONAL INC,-,0.001396
IOSP,INNOSPEC INC,-,0.003106
IP,INTERNATIONAL PAPER CO,-,0.02558
IPAR,INTERPARFUMS INC,-,0.002148
IPGP,IPG PHOTONICS CORP,-,0.00595
IQV,IQVIA HOLDINGS INC,-,0.045073
IR,INGERSOLL RAND INC,-,0.035249
IRDM,IRIDIUM COMMUNICATIONS INC,-,0.009677
IRM,IRON MOUNTAIN INC,-,0.054651
IRT,INDEPENDENCE REALTY TRUST IN,-,0.005751
ISRG,INTUITIVE SURGICAL INC,-,0.209581
IT,GARTNER INC,-,0.018691
ITGR,INTEGER HOLDINGS CORP,-,0.004299
ITRI,ITRON INC,-,0.004871
ITT,ITT INC,-,0.024336
ITW,ILLINOIS TOOL WORKS,-,0.095498
IVZ,INVESCO LTD,-,0.016085
J,JACOBS SOLUTIONS INC,-,0.023316
JAZZ,JAZZ PHARMACEUTICALS PLC,-,0.020079
JBGS,JBG SMITH PROPERTIES,-,0.002269
JBHT,HUNT (JB) TRANSPRT SVCS INC,-,0.026639
JBL,JABIL INC,-,0.056546
JBLU,JETBLUE AIRWAYS CORP,-,0.002135
JBSS,JOHN B. SANFILIPPO + SON INC,-,0.000702
JBTM,JBT MAREL CORP,-,0.008329
JCI,JOHNSON CONTROLS INTERNATION,-,0.125458
JEF,JEFFERIES FINANCIAL GROUP IN,-,0.013469
JHG,JANUS HENDERSON GROUP PLC,-,0.011085
JJSF,J + J SNACK FOODS CORP,-,0.001637
JKHY,JACK HENRY + ASSOCIATES INC,-,0.014533
JLL,JONES LANG LASALLE INC,-,0.021584
JNJ,JOHNSON + JOHNSON,-,0.779981
JOE,ST JOE CO/THE,-,0.003084
JPM,JPMORGAN CHASE + CO,-,1.190969
JXN,JACKSON FINANCIAL INC A,-,0.009474
KAI,KADANT INC,-,0.005249
KALU,KAISER ALUMINUM CORP,-,0.004546
KBH,KB HOME,-,0.006556
KBR,KBR INC,-,0.007366
KD,KYNDRYL HOLDINGS INC,-,0.003291
KDP,KEURIG DR PEPPER INC,-,0.058577
KEX,KIRBY CORP,-,0.011621
KEY,KEYCORP,-,0.030257
KEYS,KEYSIGHT TECHNOLOGIES IN,-,0.081011
KFY,KORN FERRY,-,0.005517
KGS,KODIAK GAS SERVICES INC,-,0.004052
KHC,KRAFT HEINZ CO/THE,-,0.02598
KIM,KIMCO REALTY CORP,-,0.023202
KKR,KKR + CO INC,-,0.092289
KLAC,KLA CORP,-,0.396558
KLIC,KULICKE + SOFFA INDUSTRIES,-,0.009598
KMB,KIMBERLY CLARK CORP,-,0.0458
KMI,KINDER MORGAN INC,-,0.089272
KMPR,KEMPER CORP,-,0.001976
KMT,KENNAMETAL INC,-,0.003962
KMX,CARMAX INC,-,0.011158
KN,KNOWLES CORP,-,0.005353
KNF,KNIFE RIVER CORP,-,0.005831
KNSL,KINSALE CAPITAL GROUP INC,-,0.008919
KNTK,KINETIK HOLDINGS INC,-,0.00255
KNX,KNIGHT SWIFT TRANSPORTATION,-,0.019667
KO,COCA COLA CO/THE,-,0.420003
KOP,KOPPERS HOLDINGS INC,-,0.001052
KR,KROGER CO,-,0.053013
KRC,KILROY REALTY CORP,-,0.00546
KRG,KITE REALTY GROUP TRUST,-,0.008761
KRYS,KRYSTAL BIOTECH INC,-,0.011462
KSS,KOHLS CORP,-,0.00255
KTB,KONTOOR BRANDS INC,-,0.004659
KTOS,KRATOS DEFENSE + SECURITY,-,0.01725
KVUE,KENVUE INC,-,0.046882
KW,KENNEDY WILSON HOLDINGS INC,-,0.001891
KWR,QUAKER CHEMICAL CORPORATION,-,0.002834
L,LOEWS CORP,-,0.027971
LAD,LITHIA MOTORS INC,-,0.012177
LAMR,LAMAR ADVERTISING CO A,-,0.019442
LAUR,LAUREATE EDUCATION INC,-,4.4e-05
LBRT,LIBERTY ENERGY INC,-,0.007164
LCII,LCI INDUSTRIES,-,0.003828
LDOS,LEIDOS HOLDINGS INC,-,0.024315
LEA,LEAR CORP,-,0.011774
LECO,LINCOLN ELECTRIC HOLDINGS,-,0.022968
LEG,LEGGETT + PLATT INC,-,0.001969
LEN,LENNAR CORP W/D,-,0.029028
LFST,LIFESTANCE HEALTH GROUP INC,-,0.002109
LFUS,LITTELFUSE INC,-,0.018478
LGIH,LGI HOMES INC,-,0.001186
LGND,LIGAND PHARMACEUTICALS,-,0.005349
LH,LABCORP HOLDINGS INC,-,0.032282
LHX,L3HARRIS TECHNOLOGIES INC,-,0.08476
LIF,LIFE360 INC,-,3.5e-05
LII,LENNOX INTERNATIONAL INC,-,0.024909
LIN,LINDE PLC,-,0.334104
LITE,LUMENTUM HOLDINGS INC,-,0.093319
LIVN,LIVANOVA PLC,-,0.005685
LKFN,LAKELAND FINANCIAL CORP,-,0.002278
LKQ,LKQ CORP,-,0.010128
LLY,ELI LILLY + CO,-,1.269247
LMAT,LEMAITRE VASCULAR INC,-,0.002226
LMT,LOCKHEED MARTIN CORP,-,0.149494
LNC,LINCOLN NATIONAL CORP,-,0.008672
LNN,LINDSAY CORP,-,0.002039
LNT,ALLIANT ENERGY CORP,-,0.026058
LNTH,LANTHEUS HOLDINGS INC,-,0.00999
LOPE,GRAND CANYON EDUCATION INC,-,0.006564
LOW,LOWE S COS INC,-,0.164065
LPG,DORIAN LPG LTD,-,0.00197
LPX,LOUISIANA PACIFIC CORP,-,0.006705
LQDT,LIQUIDITY SERVICES INC,-,0.001412
LRCX,LAM RESEARCH CORP,-,0.596397
LRN,STRIDE INC,-,0.00614
LSCC,LATTICE SEMICONDUCTOR CORP,-,0.029866
LSTR,LANDSTAR SYSTEM INC,-,0.011833
LTC,LTC PROPERTIES INC,-,0.002097
LTH,LIFE TIME GROUP HOLDINGS INC,-,4.8e-05
LULU,LULULEMON ATHLETICA INC,-,0.020812
LUMN,LUMEN TECHNOLOGIES INC,-,0.014234
LUV,SOUTHWEST AIRLINES CO,-,0.028168
LVS,LAS VEGAS SANDS CORP,-,0.020307
LW,LAMB WESTON HOLDINGS INC,-,0.009089
LXP,LXP INDUSTRIAL TRUST,-,0.004044
LYB,LYONDELLBASELL INDU CL A,-,0.024589
LYFT,LYFT INC A,-,5.4e-05
LYV,LIVE NATION ENTERTAINMENT IN,-,0.033805
LZ,LEGALZOOMCOM INC,-,0.000951
LZB,LA Z BOY INC,-,0.002462
M,MACY S INC,-,0.010138
MA,MASTERCARD INC   A,-,0.560051
MAA,MID AMERICA APARTMENT COMM,-,0.023078
MAC,MACERICH CO/THE,-,0.007369
MAN,MANPOWERGROUP INC,-,0.002595
MANH,MANHATTAN ASSOCIATES INC,-,0.013652
MAR,MARRIOTT INTERNATIONAL  CL A,-,0.117715
MARA,MARA HOLDINGS INC,-,0.004772
MAS,MASCO CORP,-,0.022664
MASI,MASIMO CORP,-,0.012058
MAT,MATTEL INC,-,0.007205
MATW,MATTHEWS INTL CORP CLASS A,-,0.001227
MATX,MATSON INC,-,0.009328
MBC,MASTERBRAND INC,-,0.002662
MBIN,MERCHANTS BANCORP/IN,-,0.001987
MC,MOELIS + CO   CLASS A,-,0.006783
MCD,MCDONALD S CORP,-,0.274439
MCHP,MICROCHIP TECHNOLOGY INC,-,0.074387
MCK,MCKESSON CORP,-,0.129901
MCO,MOODY S CORP,-,0.097855
MCRI,MONARCH CASINO + RESORT INC,-,0.002648
MCY,MERCURY GENERAL CORP,-,0.003935
MD,PEDIATRIX MEDICAL GROUP INC,-,0.002846
MDLZ,MONDELEZ INTERNATIONAL INC A,-,0.111412
MDT,MEDTRONIC PLC,-,0.150085
MDU,MDU RESOURCES GROUP INC,-,0.006283
MEDP,MEDPACE HOLDINGS INC,-,0.015873
MET,METLIFE INC,-,0.068717
META,META PLATFORMS INC CLASS A,-,1.950264
MGEE,MGE ENERGY INC,-,0.0038
MGM,MGM RESORTS INTERNATIONAL,-,0.01114
MGY,MAGNOLIA OIL + GAS CORP   A,-,0.007584
MHK,MOHAWK INDUSTRIES INC,-,0.008854
MHO,M/I HOMES INC,-,0.004606
MIDD,MIDDLEBY CORP,-,0.012942
MIR,MIRION TECHNOLOGIES INC,-,0.004955
MKC,MCCORMICK + CO NON VTG SHRS,-,0.016928
MKSI,MKS INC,-,0.026311
MKTX,MARKETAXESS HOLDINGS INC,-,0.006808
MLI,MUELLER INDUSTRIES INC,-,0.021848
MLKN,MILLERKNOLL INC,-,0.001395
MLM,MARTIN MARIETTA MATERIALS,-,0.052067
MMI,MARCUS + MILLICHAP INC,-,0.001118
MMM,3M CO,-,0.117769
MMS,MAXIMUS INC,-,0.005476
MMSI,MERIT MEDICAL SYSTEMS INC,-,0.004692
MNRO,MONRO INC,-,0.000758
MNST,MONSTER BEVERAGE CORP,-,0.086703
MO,ALTRIA GROUP INC,-,0.171326
MOG-A,MOOG INC CLASS A,-,0.015965
MOH,MOLINA HEALTHCARE INC,-,0.016628
MORN,MORNINGSTAR INC,-,0.007179
MOS,MOSAIC CO/THE,-,0.011348
MP,MP MATERIALS CORP,-,0.008171
MPC,MARATHON PETROLEUM CORP,-,0.114764
MPT,MEDICAL PROPERTIES TRUST INC,-,0.004021
MPWR,MONOLITHIC POWER SYSTEMS INC,-,0.113868
MRCY,MERCURY SYSTEMS INC,-,0.009027
MRK,MERCK + CO. INC.,-,0.424742
MRNA,MODERNA INC,-,0.024869
MRP,MILLROSE PROPERTIES W/I,-,0.00564
MRSH,MARSH + MCLENNAN COS,-,0.112339
MRTN,MARTEN TRANSPORT LTD,-,0.001452
MS,MORGAN STANLEY,-,0.374349
MSA,MSA SAFETY INC,-,0.008138
MSCI,MSCI INC,-,0.062205
MSEX,MIDDLESEX WATER CO,-,0.001262
MSFT,MICROSOFT CORP,-,4.509551
MSGS,MADISON SQUARE GARDEN SPORTS,-,0.009748
MSI,MOTOROLA SOLUTIONS INC,-,0.099791
MSM,MSC INDUSTRIAL DIRECT CO A,-,0.007844
MTB,M + T BANK CORP,-,0.047
MTCH,MATCH GROUP INC,-,0.013758
MTD,METTLER TOLEDO INTERNATIONAL,-,0.035044
MTDR,MATADOR RESOURCES CO,-,0.008898
MTG,MGIC INVESTMENT CORP,-,0.009938
MTH,MERITAGE HOMES CORP,-,0.007044
MTN,VAIL RESORTS INC,-,0.007402
MTRN,MATERION CORP,-,0.005623
MTSI,MACOM TECHNOLOGY SOLUTIONS H,-,0.028248
MTUS,METALLUS INC,-,0.000715
MTX,MINERALS TECHNOLOGIES INC,-,0.003664
MTZ,MASTEC INC,-,0.031667
MU,MICRON TECHNOLOGY INC,-,1.587617
MUR,MURPHY OIL CORP,-,0.008546
MUSA,MURPHY USA INC,-,0.013179
MWA,MUELLER WATER PRODUCTS INC A,-,0.00732
MXL,MAXLINEAR INC,-,0.009767
MYRG,MYR GROUP INC/DELAWARE,-,0.010552
MZTI,MARZETTI COMPANY/THE,-,0.002438
NABL,N ABLE INC,-,0.000386
NATL,NCR ATLEOS CORP,-,0.004307
NAVI,NAVIENT CORP,-,0.000682
NBHC,NATIONAL BANK HOLD CL A,-,0.002197
NBIX,NEUROCRINE BIOSCIENCES INC,-,0.023118
NBTB,N B T BANCORP INC,-,0.003303
NCLH,NORWEGIAN CRUISE LINE HOLDIN,-,0.011893
NDAQ,NASDAQ INC,-,0.053278
NDSN,NORDSON CORP,-,0.02166
NE,NOBLE CORP PLC,-,0.008321
NEE,NEXTERA ENERGY INC,-,0.253096
NEM,NEWMONT CORP,-,0.169422
NEO,NEOGENOMICS INC,-,0.002025
NEOG,NEOGEN CORP,-,0.002385
NEU,NEWMARKET CORP,-,0.008474
NFG,NATIONAL FUEL GAS CO,-,0.009951
NFLX,NETFLIX INC,-,0.486902
NGVT,INGEVITY CORP,-,0.003759
NHC,NATIONAL HEALTHCARE CORP,-,0.003766
NI,NISOURCE INC,-,0.026645
NJR,NEW JERSEY RESOURCES CORP,-,0.007248
NKE,NIKE INC  CL B,-,0.074453
NLY,ANNALY CAPITAL MANAGEMENT IN,-,0.015063
NMIH,NMI HOLDINGS INC,-,0.003337
NNN,NNN REIT INC,-,0.011356
NOC,NORTHROP GRUMMAN CORP,-,0.105975
NOG,NORTHERN OIL AND GAS INC,-,0.002336
NOV,NOV INC,-,0.012216
NOVT,NOVANTA INC,-,0.008178
NOW,SERVICENOW INC,-,0.17801
NPK,NATIONAL PRESTO INDS INC,-,0.002981
NPO,ENPRO INC,-,0.008744
NRG,NRG ENERGY INC,-,0.036797
NSA,NATIONAL STORAGE AFFILIATES,-,0.004779
NSC,NORFOLK SOUTHERN CORP,-,0.101199
NSIT,INSIGHT ENTERPRISES INC,-,0.00487
NSP,INSPERITY INC,-,0.00164
NSSC,NAPCO SECURITY TECHNOLOGIES,-,0.0018
NTAP,NETAPP INC,-,0.053897
NTCT,NETSCOUT SYSTEMS INC,-,0.004367
NTNX,NUTANIX INC   A,-,0.021051
NTRS,NORTHERN TRUST CORP,-,0.044234
NUE,NUCOR CORP,-,0.084617
NVDA,NVIDIA CORP,-,7.539858
NVR,NVR INC,-,0.022109
NVST,ENVISTA HOLDINGS CORP,-,0.005348
NVT,NVENT ELECTRIC PLC,-,0.040963
NWBI,NORTHWEST BANCSHARES INC,-,0.00238
NWE,NORTHWESTERN ENERGY GROUP IN,-,0.005516
NWL,NEWELL BRANDS INC,-,0.002152
NWN,NORTHWEST NATURAL HOLDING CO,-,0.002433
NWS,NEWS CORP   CLASS B,-,0.0054
NWSA,NEWS CORP   CLASS A,-,0.015248
NX,QUANEX BUILDING PRODUCTS,-,0.000894
NXPI,NXP SEMICONDUCTORS NV,-,0.112694
NXRT,NEXPOINT RESIDENTIAL,-,0.000784
NXST,NEXSTAR MEDIA GROUP INC,-,0.008397
NXT,NEXTPOWER INC CL A,-,0.027285
NYT,NEW YORK TIMES CO A,-,0.016226
O,REALTY INCOME CORP,-,0.071657
OC,OWENS CORNING,-,0.015585
ODFL,OLD DOMINION FREIGHT LINE,-,0.064233
OFG,OFG BANCORP,-,0.003147
OGE,OGE ENERGY CORP,-,0.013801
OGN,ORGANON + CO,-,0.004916
OGS,ONE GAS INC,-,0.006134
OHI,OMEGA HEALTHCARE INVESTORS,-,0.015072
OI,O I GLASS INC,-,0.001797
OII,OCEANEERING INTL INC,-,0.005981
OKE,ONEOK INC,-,0.075715
OKTA,OKTA INC,-,0.029002
OLED,UNIVERSAL DISPLAY CORP,-,0.00576
OLLI,OLLIE S BARGAIN OUTLET HOLDI,-,0.005993
OLN,OLIN CORP,-,0.004401
OMC,OMNICOM GROUP,-,0.036381
OMCL,OMNICELL INC,-,0.002439
ON,ON SEMICONDUCTOR,-,0.06896
ONB,OLD NATIONAL BANCORP,-,0.01013
ONTO,ONTO INNOVATION INC,-,0.018169
OPCH,OPTION CARE HEALTH INC,-,0.005193
OPLN,OPENLANE INC,-,0.006585
ORA,ORMAT TECHNOLOGIES INC,-,0.009938
ORCL,ORACLE CORP,-,0.565383
ORI,OLD REPUBLIC INTL CORP,-,0.010623
ORLY,O REILLY AUTOMOTIVE INC,-,0.108227
OSIS,OSI SYSTEMS INC,-,0.005014
OSK,OSHKOSH CORP,-,0.013004
OSW,ONESPAWORLD HOLDINGS LTD,-,0.003491
OTIS,OTIS WORLDWIDE CORP,-,0.036595
OTTR,OTTER TAIL CORP,-,0.00534
OUT,OUTFRONT MEDIA INC,-,0.005112
OVV,OVINTIV INC,-,0.021937
OXM,OXFORD INDUSTRIES INC,-,0.001095
OXY,OCCIDENTAL PETROLEUM CORP,-,0.056839
OZK,BANK OZK,-,0.008448
P,EVERPURE INC A,-,0.033582
PAG,PENSKE AUTOMOTIVE GROUP INC,-,0.005642
PAHC,PHIBRO ANIMAL HEALTH CORP A,-,0.00082
PANW,PALO ALTO NETWORKS INC,-,0.315885
PARR,PAR PACIFIC HOLDINGS INC,-,0.004213
PATH,UIPATH INC   CLASS A,-,0.006994
PATK,PATRICK INDUSTRIES INC,-,0.003574
PAYC,PAYCOM SOFTWARE INC,-,0.009411
PAYO,PAYONEER GLOBAL INC,-,0.001564
PAYX,PAYCHEX INC,-,0.045956
PB,PROSPERITY BANCSHARES INC,-,0.009121
PBF,PBF ENERGY INC CLASS A,-,0.00693
PBH,PRESTIGE CONSUMER HEALTHCARE,-,0.00334
PBI,PITNEY BOWES INC,-,0.004117
PCAR,PACCAR INC,-,0.088736
PCG,P G + E CORP,-,0.051395
PCRX,PACIRA BIOSCIENCES INC,-,0.00147
PCTY,PAYLOCITY HOLDING CORP,-,0.006475
PDFS,PDF SOLUTIONS INC,-,0.002548
PEB,PEBBLEBROOK HOTEL TRUST,-,0.003139
PECO,PHILLIPS EDISON + COMPANY IN,-,0.006761
PEG,PUBLIC SERVICE ENTERPRISE GP,-,0.05694
PEGA,PEGASYSTEMS INC,-,0.004543
PEN,PENUMBRA INC,-,0.016866
PENG,PENGUIN SOLUTIONS INC,-,0.003569
PENN,PENN ENTERTAINMENT INC,-,0.004237
PEP,PEPSICO INC,-,0.270861
PFBC,PREFERRED BANK/LOS ANGELES,-,0.00201
PFE,PFIZER INC,-,0.205324
PFG,PRINCIPAL FINANCIAL GROUP,-,0.033156
PFGC,PERFORMANCE FOOD GROUP CO,-,0.021103
PFS,PROVIDENT FINANCIAL SERVICES,-,0.0026
PG,PROCTER + GAMBLE CO/THE,-,0.462384
PGNY,PROGYNY INC,-,0.003047
PGR,PROGRESSIVE CORP,-,0.161461
PH,PARKER HANNIFIN CORP,-,0.157824
PHIN,PHINIA INC,-,0.005691
PHM,PULTEGROUP INC,-,0.031437
PI,IMPINJ INC,-,0.003494
PII,POLARIS INC,-,0.005746
PINS,PINTEREST INC  CLASS A,-,0.016505
PIPR,PIPER SANDLER COS,-,0.006531
PJT,PJT PARTNERS INC   A,-,0.00538
PK,PARK HOTELS + RESORTS INC,-,0.004775
PKG,PACKAGING CORP OF AMERICA,-,0.030578
PLAB,PHOTRONICS INC,-,0.002966
PLD,PROLOGIS INC,-,0.191556
PLMR,PALOMAR HOLDINGS INC,-,0.003258
PLNT,PLANET FITNESS INC   CL A,-,0.00643
PLTR,PALANTIR TECHNOLOGIES INC A,-,0.459987
PLUS,EPLUS INC,-,0.003631
PLXS,PLEXUS CORP,-,0.012329
PM,PHILIP MORRIS INTERNATIONAL,-,0.388176
PMT,PENNYMAC MORTGAGE INVESTMENT,-,0.001468
PNC,PNC FINANCIAL SERVICES GROUP,-,0.125087
PNFP,PINNACLE FINANCIAL PARTNERS,-,0.021287
PNR,PENTAIR PLC,-,0.017681
PNW,PINNACLE WEST CAPITAL,-,0.017039
PODD,INSULET CORP,-,0.015099
POOL,POOL CORP,-,0.010272
POR,PORTLAND GENERAL ELECTRIC CO,-,0.006674
POST,POST HOLDINGS INC,-,0.006464
POWI,POWER INTEGRATIONS INC,-,0.00653
POWL,POWELL INDUSTRIES INC,-,0.014635
PPC,PILGRIM S PRIDE CORP,-,0.00208
PPG,PPG INDUSTRIES INC,-,0.038152
PPL,PPL CORP,-,0.038577
PPLI,PEOPLE INC,-,0.004416
PR,PERMIAN RESOURCES CORP CL A,-,0.021208
PRA,PROASSURANCE CORP,-,0.002181
PRAA,PRA GROUP INC,-,0.001007
PRDO,PERDOCEO EDUCATION CORP,-,0.003463
PRG,PROG HOLDINGS INC,-,0.001283
PRGO,PERRIGO CO PLC,-,0.002143
PRGS,PROGRESS SOFTWARE CORP,-,0.002144
PRI,PRIMERICA INC,-,0.012761
PRIM,PRIMORIS SERVICES CORP,-,0.009794
PRK,PARK NATIONAL CORP,-,0.003684
PRKS,UNITED PARKS + RESORTS INC,-,0.001684
PRLB,PROTO LABS INC,-,0.003038
PRSU,PURSUIT ATTRACTIONS AND HOSP,-,0.001107
PRU,PRUDENTIAL FINANCIAL INC,-,0.054252
PRVA,PRIVIA HEALTH GROUP INC,-,0.002977
PSA,PUBLIC STORAGE,-,0.070135
PSKY,PARAMOUNT SKYDANCE CL B,-,0.002998
PSMT,PRICESMART INC,-,0.005439
PSN,PARSONS CORP,-,0.003047
PSX,PHILLIPS 66,-,0.108329
PTC,PTC INC,-,0.024026
PTCT,PTC THERAPEUTICS INC,-,0.00797
PTEN,PATTERSON UTI ENERGY INC,-,0.005717
PTGX,PROTAGONIST THERAPEUTICS INC,-,0.008778
PTON,PELOTON INTERACTIVE INC A,-,0.003586
PVH,PVH CORP,-,0.006762
PWR,QUANTA SERVICES INC,-,0.149099
PYPL,PAYPAL HOLDINGS INC,-,0.05851
PZZA,PAPA JOHN S INTL INC,-,0.001685
Q,QNITY ELECTRONICS INC,-,0.048138
QCOM,QUALCOMM INC,-,0.369599
QDEL,QUIDELORTHO CORP,-,0.00134
QLYS,QUALYS INC,-,0.005277
QNST,QUINSTREET INC,-,0.00084
QRVO,QORVO INC,-,0.014509
QTWO,Q2 HOLDINGS INC,-,0.003981
R,RYDER SYSTEM INC,-,0.017133
RAL,RALLIANT CORP,-,0.01026
RAMP,LIVERAMP HOLDINGS INC,-,0.003578
RBA,RB GLOBAL INC,-,0.028059
RBC,RBC BEARINGS INC,-,0.02526
RCL,ROYAL CARIBBEAN CRUISES LTD,-,0.105823
RCUS,ARCUS BIOSCIENCES INC,-,0.001788
RDN,RADIAN GROUP INC,-,0.007647
RDNT,RADNET INC,-,0.003301
REG,REGENCY CENTERS CORP,-,0.018578
REGN,REGENERON PHARMACEUTICALS,-,0.088082
RELY,REMITLY GLOBAL INC,-,0.004823
RES,RPC INC,-,0.000781
REX,REX AMERICAN RESOURCES CORP,-,0.000761
REXR,REXFORD INDUSTRIAL REALTY IN,-,0.010411
REYN,REYNOLDS CONSUMER PRODUCTS I,-,0.001702
REZI,RESIDEO TECHNOLOGIES INC,-,0.006473
RF,REGIONS FINANCIAL CORP,-,0.033946
RGA,REINSURANCE GROUP OF AMERICA,-,0.018816
RGEN,REPLIGEN CORP,-,0.008656
RGLD,ROYAL GOLD INC,-,0.025279
RH,RH,-,0.003472
RHI,ROBERT HALF INC,-,0.005161
RHP,RYMAN HOSPITALITY PROPERTIES,-,0.010113
RITM,RITHM CAPITAL CORP,-,4.8e-05
RJF,RAYMOND JAMES FINANCIAL INC,-,0.040505
RL,RALPH LAUREN CORP,-,0.021591
RLI,RLI CORP,-,0.006151
RMBS,RAMBUS INC,-,0.028593
RMD,RESMED INC,-,0.041204
RNG,RINGCENTRAL INC CLASS A,-,0.004795
RNR,RENAISSANCERE HOLDINGS LTD,-,0.020457
RNST,RENASANT CORP,-,0.00354
ROCK,GIBRALTAR INDUSTRIES INC,-,0.001772
ROG,ROGERS CORP,-,0.003547
ROIV,ROIVANT SCIENCES LTD,-,0.014953
ROK,ROCKWELL AUTOMATION INC,-,0.070678
ROL,ROLLINS INC,-,0.019041
ROP,ROPER TECHNOLOGIES INC,-,0.050483
ROST,ROSS STORES INC,-,0.104618
RPM,RPM INTERNATIONAL INC,-,0.019914
RRC,RANGE RESOURCES CORP,-,0.015416
RRR,RED ROCK RESORTS INC CLASS A,-,0.003898
RRX,REGAL REXNORD CORP,-,0.021328
RS,RELIANCE INC,-,0.032784
RSG,REPUBLIC SERVICES INC,-,0.058884
RTX,RTX CORP,-,0.339718
RUN,SUNRUN INC,-,0.004633
RUSHA,RUSH ENTERPRISES INC CL A,-,0.005867
RVTY,REVVITY INC,-,0.018846
RWT,REDWOOD TRUST INC,-,0.000913
RXO,RXO INC,-,0.004149
RYAN,RYAN SPECIALTY HOLDINGS INC,-,0.004735
RYN,RAYONIER INC,-,0.008655
SABR,SABRE CORP,-,0.000826
SAFE,SAFEHOLD INC,-,0.000758
SAFT,SAFETY INSURANCE GROUP INC,-,0.001622
SAH,SONIC AUTOMOTIVE INC CLASS A,-,0.002675
SAIA,SAIA INC,-,0.018846
SAIC,SCIENCE APPLICATIONS INTE,-,0.00934
SAM,BOSTON BEER COMPANY INC A,-,0.002577
SANM,SANMINA CORP,-,0.026918
SARO,STANDARDAERO INC,-,0.005214
SATS,ECHOSTAR CORP A,-,0.016987
SBAC,SBA COMMUNICATIONS CORP,-,0.032663
SBCF,SEACOAST BANKING CORP/FL,-,0.002221
SBH,SALLY BEAUTY HOLDINGS INC,-,0.002196
SBRA,SABRA HEALTH CARE REIT INC,-,0.005605
SBSI,SOUTHSIDE BANCSHARES INC,-,0.001561
SBUX,STARBUCKS CORP,-,0.1519
SCHL,SCHOLASTIC CORP,-,0.002045
SCHW,SCHWAB (CHARLES) CORP,-,0.207087
SCI,SERVICE CORP INTERNATIONAL,-,0.014936
SCL,STEPAN CO,-,0.001288
SCSC,SCANSOURCE INC,-,0.002148
SDGR,SCHRODINGER INC,-,0.001275
SEDG,SOLAREDGE TECHNOLOGIES INC,-,0.005614
SEIC,SEI INVESTMENTS COMPANY,-,0.012766
SEM,SELECT MEDICAL HOLDINGS CORP,-,0.002577
SEZL,SEZZLE INC,-,0.002902
SF,STIFEL FINANCIAL CORP,-,0.016236
SFBS,SERVISFIRST BANCSHARES INC,-,0.00531
SFM,SPROUTS FARMERS MARKET INC,-,0.010677
SFNC,SIMMONS FIRST NATL CORP CL A,-,0.003671
SGI,SOMNIGROUP INTERNATIONAL INC,-,0.019045
SHAK,SHAKE SHACK INC   CLASS A,-,0.002788
SHC,SOTERA HEALTH CO,-,0.002445
SHEN,SHENANDOAH TELECOMMUNICATION,-,0.001128
SHO,SUNSTONE HOTEL INVESTORS INC,-,0.003533
SHOO,STEVEN MADDEN LTD,-,0.005001
SHW,SHERWIN WILLIAMS CO/THE,-,0.098014
SIG,SIGNET JEWELERS LTD,-,0.006398
SIGI,SELECTIVE INSURANCE GROUP,-,0.007015
SITM,SITIME CORP,-,0.015182
SJM,JM SMUCKER CO/THE,-,0.015532
SKT,TANGER INC,-,0.005516
SKY,CHAMPION HOMES INC,-,0.007122
SKYW,SKYWEST INC,-,0.005992
SLAB,SILICON LABORATORIES INC,-,0.010089
SLB,SLB LTD,-,0.119825
SLG,SL GREEN REALTY CORP,-,0.004795
SLGN,SILGAN HOLDINGS INC,-,0.004261
SLM,SLM CORP,-,0.007241
SLVM,SYLVAMO CORP,-,0.001896
SM,SM ENERGY CO,-,0.011937
SMCI,SUPER MICRO COMPUTER INC,-,0.03171
SMG,SCOTTS MIRACLE GRO CO,-,0.003469
SMP,STANDARD MOTOR PRODS,-,0.000898
SMPL,SIMPLY GOOD FOODS CO/THE,-,0.00146
SMTC,SEMTECH CORP,-,0.016529
SN,SHARKNINJA INC,-,0.012362
SNA,SNAP ON INC,-,0.029898
SNDK,SANDISK CORP,-,0.36961
SNDR,SCHNEIDER NATIONAL INC CL B,-,0.002031
SNEX,STONEX GROUP INC,-,0.009594
SNPS,SYNOPSYS INC,-,0.129747
SNX,TD SYNNEX CORP,-,0.031122
SO,SOUTHERN CO/THE,-,0.145193
SOLS,SOLSTICE ADV MATERIALS INC,-,0.018786
SOLV,SOLVENTUM CORP,-,0.016753
SON,SONOCO PRODUCTS CO,-,0.007071
SONO,SONOS INC,-,0.003005
SPG,SIMON PROPERTY GROUP INC,-,0.089015
SPGI,S+P GLOBAL INC,-,0.180352
SPHR,SPHERE ENTERTAINMENT CO,-,4.2e-05
SPNT,SIRIUSPOINT LTD,-,0.002647
SPSC,SPS COMMERCE INC,-,0.002758
SPXC,SPX TECHNOLOGIES INC,-,0.015628
SR,SPIRE INC,-,0.00625
SRE,SEMPRA,-,0.08336
SRPT,SAREPTA THERAPEUTICS INC,-,0.002264
SSB,SOUTHSTATE BANK CORP,-,0.013367
SSD,SIMPSON MANUFACTURING CO INC,-,0.011534
SSTK,SHUTTERSTOCK INC,-,0.000424
ST,SENSATA TECHNOLOGIES HOLDING,-,0.01162
STAA,STAAR SURGICAL CO,-,0.001973
STAG,STAG INDUSTRIAL INC,-,0.0097
STBA,S + T BANCORP INC,-,0.002586
STC,STEWART INFORMATION SERVICES,-,0.002112
STE,STERIS PLC,-,0.030483
STEL,STELLAR BANCORP INC,-,0.001513
STEP,STEPSTONE GROUP INC CLASS A,-,0.003586
STLD,STEEL DYNAMICS INC,-,0.050461
STRA,STRATEGIC EDUCATION INC,-,0.002982
STRL,STERLING INFRASTRUCTURE INC,-,0.044018
STT,STATE STREET CORP,-,0.066014
STWD,STARWOOD PROPERTY TRUST INC,-,0.007795
STX,SEAGATE TECHNOLOGY HOLDINGS,-,0.269681
STZ,CONSTELLATION BRANDS INC A,-,0.025798
SUPN,SUPERNUS PHARMACEUTICALS INC,-,0.00353
SW,SMURFIT WESTROCK PLC,-,0.030204
SWK,STANLEY BLACK + DECKER INC,-,0.018019
SWKS,SKYWORKS SOLUTIONS INC,-,0.019066
SWX,SOUTHWEST GAS HOLDINGS INC,-,0.006767
SXI,STANDEX INTERNATIONAL CORP,-,0.006586
SXT,SENSIENT TECHNOLOGIES CORP,-,0.007173
SYF,SYNCHRONY FINANCIAL,-,0.036656
SYK,STRYKER CORP,-,0.148184
SYNA,SYNAPTICS INC,-,0.007716
SYY,SYSCO CORP,-,0.048633
T,AT+T INC,-,0.22451
TALO,TALOS ENERGY INC,-,0.000948
TAP,MOLSON COORS BEVERAGE CO   B,-,0.010533
TBBK,BANCORP INC/THE,-,0.004025
TCBI,TEXAS CAPITAL BANCSHARES INC,-,0.00735
TDC,TERADATA CORP,-,0.005336
TDG,TRANSDIGM GROUP INC,-,0.100267
TDS,TELEPHONE AND DATA SYSTEMS,-,0.006009
TDW,TIDEWATER INC,-,0.005155
TDY,TELEDYNE TECHNOLOGIES INC,-,0.041173
TECH,BIO TECHNE CORP,-,0.012207
TEL,TE CONNECTIVITY PLC,-,0.0926
TER,TERADYNE INC,-,0.090836
TEX,TEREX CORP,-,0.006678
TFC,TRUIST FINANCIAL CORP,-,0.088081
TFIN,TRIUMPH FINANCIAL INC,-,0.001985
TFX,TELEFLEX INC,-,0.008823
TGT,TARGET CORP,-,0.082401
TGTX,TG THERAPEUTICS INC,-,0.005129
THC,TENET HEALTHCARE CORP,-,0.018604
THG,HANOVER INSURANCE GROUP INC/,-,0.009572
THO,THOR INDUSTRIES INC,-,0.0059
THRM,GENTHERM INC,-,0.001759
TILE,INTERFACE INC,-,0.002846
TJX,TJX COMPANIES INC,-,0.248922
TKO,TKO GROUP HOLDINGS INC,-,0.014555
TKR,TIMKEN CO,-,0.013092
TLN,TALEN ENERGY CORP,-,0.024648
TMDX,TRANSMEDICS GROUP INC,-,0.003401
TMHC,TAYLOR MORRISON HOME CORP,-,0.011057
TMO,THERMO FISHER SCIENTIFIC INC,-,0.257225
TMP,TOMPKINS FINANCIAL CORP,-,0.001639
TMUS,T MOBILE US INC,-,0.117231
TNC,TENNANT CO,-,0.002055
TNDM,TANDEM DIABETES CARE INC,-,0.001743
TNL,TRAVEL   LEISURE CO,-,0.008782
TOL,TOLL BROTHERS INC,-,0.01746
TPL,TEXAS PACIFIC LAND CORP,-,0.032305
TPR,TAPESTRY INC,-,0.038132
TR,TOOTSIE ROLL INDS,-,0.001086
TREX,TREX COMPANY INC,-,0.006708
TRGP,TARGA RESOURCES CORP,-,0.081102
TRIP,TRIPADVISOR INC,-,0.00175
TRMB,TRIMBLE INC,-,0.020372
TRMK,TRUSTMARK CORP,-,0.004176
TRN,TRINITY INDUSTRIES INC,-,0.003908
TRNO,TERRENO REALTY CORP,-,0.009304
TROW,T ROWE PRICE GROUP INC,-,0.034853
TRST,TRUSTCO BANK CORP NY,-,0.00141
TRU,TRANSUNION,-,0.019627
TRUP,TRUPANION INC,-,0.00096
TRV,TRAVELERS COS INC/THE,-,0.090979
TSCO,TRACTOR SUPPLY COMPANY,-,0.023082
TSLA,TESLA INC,-,1.670651
TSN,TYSON FOODS INC CL A,-,0.024069
TT,TRANE TECHNOLOGIES PLC,-,0.146722
TTC,TORO CO,-,0.013744
TTD,TRADE DESK INC/THE  CLASS A,-,0.013531
TTEK,TETRA TECH INC,-,0.011279
TTMI,TTM TECHNOLOGIES,-,0.027715
TTWO,TAKE TWO INTERACTIVE SOFTWRE,-,0.050507
TWLO,TWILIO INC   A,-,0.051925
TWO,TWO HARBORS INVESTMENT CORP,-,0.001389
TXN,TEXAS INSTRUMENTS INC,-,0.391918
TXNM,TXNM ENERGY INC,-,0.007243
TXRH,TEXAS ROADHOUSE INC,-,0.015369
TXT,TEXTRON INC,-,0.02019
TYL,TYLER TECHNOLOGIES INC,-,0.018467
UA,UNDER ARMOUR INC CLASS C,-,0.001491
UAA,UNDER ARMOUR INC CLASS A,-,0.0016
UAL,UNITED AIRLINES HOLDINGS INC,-,0.046841
UBER,UBER TECHNOLOGIES INC,-,0.208911
UBSI,UNITED BANKSHARES INC,-,0.007439
UCB,UNITED COMMUNITY BANKS/GA,-,0.004174
UCTT,ULTRA CLEAN HOLDINGS INC,-,0.005327
UDR,UDR INC,-,0.016912
UE,URBAN EDGE PROPERTIES,-,0.003816
UFCS,UNITED FIRE GROUP INC,-,0.001088
UFPI,UFP INDUSTRIES INC,-,0.007172
UFPT,UFP TECHNOLOGIES INC,-,0.004484
UGI,UGI CORP,-,0.010382
UHS,UNIVERSAL HEALTH SERVICES B,-,0.011478
UHT,UNIVERSAL HEALTH RLTY INCOME,-,0.00063
ULS,UL SOLUTIONS INC   CLASS A,-,0.01064
ULTA,ULTA BEAUTY INC,-,0.027864
UMBF,UMB FINANCIAL CORP,-,0.007438
UNF,UNIFIRST CORP/MA,-,0.00598
UNFI,UNITED NATURAL FOODS INC,-,0.00431
UNH,UNITEDHEALTH GROUP INC,-,0.508882
UNIT,UNITI GROUP INC,-,0.002108
UNM,UNUM GROUP,-,0.022225
UNP,UNION PACIFIC CORP,-,0.220421
UPBD,UPBOUND GROUP INC,-,0.001087
UPS,UNITED PARCEL SERVICE CL B,-,0.115867
UPWK,UPWORK INC,-,0.001657
URBN,URBAN OUTFITTERS INC,-,0.006937
URI,UNITED RENTALS INC,-,0.099175
USB,US BANCORP,-,0.125376
USFD,US FOODS HOLDING CORP,-,0.025138
USPH,U.S. PHYSICAL THERAPY INC,-,0.001284
UTHR,UNITED THERAPEUTICS CORP,-,0.035612
UTI,UNIVERSAL TECHNICAL INSTITUT,-,0.003221
UTL,UNITIL CORP,-,0.001075
UVV,UNIVERSAL CORP/VA,-,0.001494
V,VISA INC CLASS A SHARES,-,0.766514
VAC,MARRIOTT VACATIONS WORLD,-,0.004488
VAL,VALARIS LTD,-,0.00819
VC,VISTEON CORP,-,0.005114
VCEL,VERICEL CORP,-,0.002444
VCTR,VICTORY CAPITAL HOLDING   A,-,0.00598
VCYT,VERACYTE INC,-,0.005611
VECO,VEECO INSTRUMENTS INC,-,0.004709
VEEV,VEEVA SYSTEMS INC CLASS A,-,0.038262
VFC,VF CORP,-,0.0077
VGNT,VERSIGENT PLC,-,0.005207
VIAV,VIAVI SOLUTIONS INC,-,0.017782
VICI,VICI PROPERTIES INC,-,0.040412
VICR,VICOR CORP,-,0.008828
VIR,VIR BIOTECHNOLOGY INC,-,0.00102
VIRT,VIRTU FINANCIAL INC CLASS A,-,0.003018
VITL,VITAL FARMS INC,-,0.000518
VLO,VALERO ENERGY CORP,-,0.115894
VLTO,VERALTO CORP,-,0.027342
VLY,VALLEY NATIONAL BANCORP,-,0.008122
VMC,VULCAN MATERIALS CO,-,0.05313
VMI,VALMONT INDUSTRIES,-,0.01253
VNO,VORNADO REALTY TRUST,-,0.008229
VNOM,VIPER ENERGY INC CL A,-,0.004792
VNT,VONTIER CORP,-,0.00594
VOYA,VOYA FINANCIAL INC,-,0.013085
VRRM,VERRA MOBILITY CORP,-,0.0009
VRSK,VERISK ANALYTICS INC,-,0.037248
VRSN,VERISIGN INC,-,0.032329
VRT,VERTIV HOLDINGS CO A,-,0.176151
VRTS,VIRTUS INVESTMENT PARTNERS,-,0.003105
VRTX,VERTEX PHARMACEUTICALS INC,-,0.161366
VSAT,VIASAT INC,-,0.006887
VSEC,VSE CORP,-,5.4e-05
VSH,VISHAY INTERTECHNOLOGY INC,-,0.012272
VSNT,VERSANT MEDIA GROUP INC,-,0.005861
VST,VISTRA CORP,-,0.06987
VSTS,VESTIS CORP,-,0.002494
VSXY,VICTORIA S SECRET + CO,-,0.008254
VTOL,BRISTOW GROUP INC,-,0.001679
VTR,VENTAS INC,-,0.053398
VTRS,VIATRIS INC,-,0.027643
VVV,VALVOLINE INC,-,0.007009
VYX,NCR VOYIX CORP,-,0.001378
VZ,VERIZON COMMUNICATIONS INC,-,0.267326
WAB,WABTEC CORP,-,0.060609
WABC,WESTAMERICA BANCORPORATION,-,0.001899
WAFD,WAFD INC,-,0.003949
WAL,WESTERN ALLIANCE BANCORP,-,0.011447
WAT,WATERS CORP,-,0.053436
WAY,WAYSTAR HOLDING CORP,-,0.003319
WBD,WARNER BROS DISCOVERY INC,-,0.095076
WBS,WEBSTER FINANCIAL CORP,-,0.019179
WCC,WESCO INTERNATIONAL INC,-,0.024046
WD,WALKER + DUNLOP INC,-,0.002224
WDAY,WORKDAY INC CLASS A,-,0.045275
WDC,WESTERN DIGITAL CORP,-,0.261864
WDFC,WD 40 CO,-,0.004238
WEC,WEC ENERGY GROUP INC,-,0.050679
WELL,WELLTOWER INC,-,0.19191
WEN,WENDY S CO/THE,-,0.001731
WERN,WERNER ENTERPRISES INC,-,0.003506
WEX,WEX INC,-,0.009256
WFC,WELLS FARGO + CO,-,0.356015
WFRD,WEATHERFORD INTERNATIONAL PL,-,0.010955
WGO,WINNEBAGO INDUSTRIES,-,0.001333
WH,WYNDHAM HOTELS + RESORTS INC,-,0.009501
WHD,CACTUS INC   A,-,0.005585
WHR,WHIRLPOOL CORP,-,0.003229
WINA,WINMARK CORP,-,0.001558
WING,WINGSTOP INC,-,0.006347
WKC,WORLD KINECT CORP,-,0.002691
WLK,WESTLAKE CORP,-,0.004157
WLY,WILEY (JOHN) + SONS CLASS A,-,0.002847
WM,WASTE MANAGEMENT INC,-,0.116401
WMB,WILLIAMS COS INC,-,0.127244
WMG,WARNER MUSIC GROUP CORP CL A,-,0.006164
WMS,ADVANCED DRAINAGE SYSTEMS IN,-,0.012455
WMT,WALMART INC,-,0.733615
WOR,WORTHINGTON ENTERPRISES INC,-,0.002903
WPC,WP CAREY INC,-,0.023028
WRB,WR BERKLEY CORP,-,0.0304
WRLD,WORLD ACCEPTANCE CORP,-,0.003043
WS,WORTHINGTON STEEL INC,-,0.002154
WSC,WILLSCOT HOLDINGS CORP,-,0.007018
WSFS,WSFS FINANCIAL CORP,-,0.005436
WSM,WILLIAMS SONOMA INC,-,0.038652
WSO,WATSCO INC,-,0.017212
WSR,WHITESTONE REIT,-,0.001187
WST,WEST PHARMACEUTICAL SERVICES,-,0.034115
WT,WISDOMTREE INC,-,0.00326
WTFC,WINTRUST FINANCIAL CORP,-,0.012429
WTRG,ESSENTIAL UTILITIES INC,-,0.012239
WTS,WATTS WATER TECHNOLOGIES A,-,0.013209
WTW,WILLIS TOWERS WATSON PLC,-,0.03427
WU,WESTERN UNION CO,-,0.004457
WWD,WOODWARD INC,-,0.030553
WWW,WOLVERINE WORLD WIDE INC,-,0.001847
WY,WEYERHAEUSER CO,-,0.026288
WYNN,WYNN RESORTS LTD,-,0.014827
XEL,XCEL ENERGY INC,-,0.06274
XHR,XENIA HOTELS + RESORTS INC,-,0.003058
XNCR,XENCOR INC,-,0.001031
XOM,EXXON MOBIL CORP,-,0.899904
XPEL,XPEL INC,-,0.000808
XPO,XPO INC,-,0.037242
XRAY,DENTSPLY SIRONA INC,-,0.003111
XYL,XYLEM INC,-,0.038569
XYZ,BLOCK INC,-,0.056496
YELP,YELP INC,-,0.002017
YETI,YETI HOLDINGS INC,-,0.005466
YOU,CLEAR SECURE INC  CLASS A,-,0.004473
YUM,YUM  BRANDS INC,-,0.059743
ZBH,ZIMMER BIOMET HOLDINGS INC,-,0.025926
ZBRA,ZEBRA TECHNOLOGIES CORP CL A,-,0.018713
ZD,ZIFF DAVIS INC,-,0.002907
ZION,ZIONS BANCORP NA,-,0.014552
ZTS,ZOETIS INC,-,0.046185
ZWS,ZURN ELKAY WATER SOLUTIONS C,-,0.007566
